Order_ID,Order_Date,Product_Name,Category,Region,Sales_Channel,Units_Sold,Unit_Price,Revenue,Customer_ID
ORD-100000,2024-09-27,Cookware Set,Home & Kitchen,South,Online,1,143.86,143.86,CUST-1087
ORD-100001,2025-01-07,Ergonomic Chair,Home & Kitchen,West,Wholesale,52,155.39,8080.28,CUST-1385
ORD-100002,2024-06-09,Camping Tent,Sports & Outdoors,West,Online,2,161.48,322.96,CUST-1169
ORD-100003,2026-02-21,Fountain Pen,Books & Stationery,West,In-Store,1,37.64,37.64,CUST-1306
ORD-100004,2025-10-08,Sunglasses,Fashion,South,Wholesale,23,66.52,1529.96,CUST-1345
ORD-100005,2025-07-18,Fitness Tracker,Sports & Outdoors,North,Wholesale,49,45.6,2234.4,CUST-1205
ORD-100006,2024-03-21,Camping Tent,Sports & Outdoors,South,In-Store,1,155.5,155.5,CUST-1190
ORD-100007,2024-06-10,Winter Coat,Fashion,East,Affiliate,1,176.32,176.32,CUST-1214
ORD-100008,2024-09-08,Perfume,Beauty & Personal Care,North,In-Store,5,68.13,340.65,CUST-1187
ORD-100009,2025-01-14,Perfume,Beauty & Personal Care,East,Online,1,62.23,62.23,CUST-1135
ORD-100010,2025-04-16,Air Fryer,Home & Kitchen,East,In-Store,1,111.33,111.33,CUST-1230
ORD-100011,2024-07-19,Camping Tent,Sports & Outdoors,East,Online,1,135.71,135.71,CUST-1098
ORD-100012,2025-11-14,Blender,Home & Kitchen,North,Affiliate,3,59.43,178.29,CUST-1004
ORD-100013,2024-08-05,Fountain Pen,Books & Stationery,East,Online,2,40.44,80.88,CUST-1178
ORD-100014,2024-08-28,Water Bottle,Sports & Outdoors,South,Online,2,20.08,40.16,CUST-1142
ORD-100015,2024-06-19,Essential Oil Diffuser,Beauty & Personal Care,West,Affiliate,3,31.94,95.82,CUST-1133
ORD-100016,2025-07-09,Dumbbells,Sports & Outdoors,West,Wholesale,42,48.51,2037.42,CUST-1230
ORD-100017,2024-07-08,Wireless Headphones,Electronics,West,Online,1,138.53,138.53,CUST-1197
ORD-100018,2025-03-31,Sci-Fi Novel,Books & Stationery,South,Online,4,17.14,68.56,CUST-1373
ORD-100019,2025-11-02,Smartphone,Electronics,North,Online,1,736.35,736.35,CUST-1294
ORD-100020,2025-01-20,Skincare Gift Set,Beauty & Personal Care,East,In-Store,2,59.94,119.88,CUST-1053
ORD-100021,2026-05-04,Smart TV,Electronics,South,In-Store,2,611.97,1223.94,CUST-1197
ORD-100022,2025-02-19,Blender,Home & Kitchen,South,Online,2,54.83,109.66,CUST-1197
ORD-100023,2025-05-25,Smart TV,Electronics,South,In-Store,4,616.03,2464.12,CUST-1251
ORD-100024,2025-02-06,Robotic Vacuum,Home & Kitchen,West,Affiliate,1,282.25,282.25,CUST-1038
ORD-100025,2024-12-03,Robotic Vacuum,Home & Kitchen,South,Affiliate,4,286.75,1147.0,CUST-1098
ORD-100026,2024-09-19,Designer Jeans,Fashion,North,Online,1,90.32,90.32,CUST-1139
ORD-100027,2024-01-09,Wireless Headphones,Electronics,West,Wholesale,38,122.4,4651.2,CUST-1053
ORD-100028,2025-09-19,Air Fryer,Home & Kitchen,South,In-Store,2,94.84,189.68,CUST-1111
ORD-100029,2024-06-01,Hair Dryer,Beauty & Personal Care,South,Online,2,54.81,109.62,CUST-1168
ORD-100030,2024-06-09,Sci-Fi Novel,Books & Stationery,West,In-Store,3,14.06,42.18,CUST-1127
ORD-100031,2024-02-02,Blender,Home & Kitchen,South,Online,5,62.72,313.6,CUST-1364
ORD-100032,2024-10-09,Coffee Maker,Home & Kitchen,North,In-Store,2,86.99,173.98,CUST-1316
ORD-100033,2026-03-26,Air Fryer,Home & Kitchen,West,Affiliate,5,91.3,456.5,CUST-1372
ORD-100034,2025-06-01,Bluetooth Speaker,Electronics,North,In-Store,2,78.56,157.12,CUST-1187
ORD-100035,2024-04-25,Skincare Gift Set,Beauty & Personal Care,West,Online,1,46.33,46.33,CUST-1053
ORD-100036,2025-11-16,Winter Coat,Fashion,East,In-Store,4,147.92,591.68,CUST-1272
ORD-100037,2024-04-13,Ergonomic Chair,Home & Kitchen,North,Online,2,197.96,395.92,CUST-1305
ORD-100038,2025-05-20,Smartphone,Electronics,North,Online,1,779.82,779.82,CUST-1141
ORD-100039,2025-04-15,Leather Jacket,Fashion,East,Online,2,171.91,343.82,CUST-1062
ORD-100040,2024-07-08,Leather Jacket,Fashion,West,Online,1,151.52,151.52,CUST-1100
ORD-100041,2024-09-20,Fitness Tracker,Sports & Outdoors,West,Wholesale,46,58.38,2685.48,CUST-1371
ORD-100042,2024-12-15,Water Bottle,Sports & Outdoors,South,Online,3,24.69,74.07,CUST-1318
ORD-100043,2026-02-25,Casual T-Shirt,Fashion,South,Wholesale,23,18.56,426.88,CUST-1395
ORD-100044,2025-10-02,Laptop,Electronics,South,In-Store,2,923.97,1847.94,CUST-1372
ORD-100045,2024-09-28,Perfume,Beauty & Personal Care,West,In-Store,1,72.58,72.58,CUST-1085
ORD-100046,2025-11-27,Water Bottle,Sports & Outdoors,South,Wholesale,19,13.54,257.26,CUST-1203
ORD-100047,2024-08-05,Makeup Kit,Beauty & Personal Care,,In-Store,1,49.45,49.45,CUST-1245
ORD-100048,2024-06-28,Leather Jacket,Fashion,West,Wholesale,19,167.16,3176.04,CUST-1003
ORD-100049,2024-01-16,Designer Jeans,Fashion,West,Affiliate,2,97.33,194.66,CUST-1177
ORD-100050,2025-11-05,Bluetooth Speaker,Electronics,North,In-Store,3,70.9,212.7,CUST-1167
ORD-100051,2026-04-21,Perfume,Beauty & Personal Care,South,Online,1,66.43,66.43,CUST-1034
ORD-100052,2025-12-27,Hair Dryer,Beauty & Personal Care,South,Wholesale,55,59.87,3292.85,CUST-1390
ORD-100053,2024-07-14,Casual T-Shirt,Fashion,West,In-Store,3,29.36,88.08,CUST-1248
ORD-100054,2025-11-06,Wireless Headphones,Electronics,West,Online,1,149.8,149.8,CUST-1095
ORD-100055,2026-01-05,Makeup Kit,Beauty & Personal Care,North,In-Store,1,54.57,54.57,CUST-1285
ORD-100056,2024-09-29,Yoga Mat,Sports & Outdoors,East,Online,1,29.79,29.79,CUST-1232
ORD-100057,2024-03-16,Dumbbells,Sports & Outdoors,West,In-Store,2,51.91,103.82,CUST-1372
ORD-100058,2024-03-09,Smartphone,Electronics,West,Affiliate,3,767.24,2301.72,CUST-1038
ORD-100059,2024-07-04,Self-Help Best Seller,Books & Stationery,East,In-Store,3,18.52,55.56,CUST-1238
ORD-100060,2025-08-10,Sunglasses,Fashion,South,Online,3,76.0,228.0,CUST-1169
ORD-100061,2025-09-25,Casual T-Shirt,Fashion,South,Affiliate,1,25.12,25.12,CUST-1320
ORD-100062,2024-12-07,Bluetooth Speaker,Electronics,South,In-Store,2,75.06,150.12,CUST-1363
ORD-100063,2024-06-30,Leather Jacket,Fashion,South,Online,1,166.5,166.5,CUST-1219
ORD-100064,2025-09-29,Water Bottle,Sports & Outdoors,East,In-Store,2,23.22,46.44,CUST-1189
ORD-100065,2025-05-19,Smart TV,Electronics,South,Online,3,643.42,1930.26,CUST-1172
ORD-100066,2025-11-02,Perfume,Beauty & Personal Care,North,Online,2,89.78,179.56,CUST-1046
ORD-100067,2024-08-20,Bluetooth Speaker,Electronics,East,Affiliate,1,73.93,73.93,CUST-1011
ORD-100068,2024-11-25,Desk Organizer,Books & Stationery,North,Online,1,26.06,26.06,CUST-1089
ORD-100069,2025-10-09,Sunglasses,Fashion,North,Online,2,52.32,104.64,CUST-1144
ORD-100070,2024-07-19,Water Bottle,Sports & Outdoors,North,,1,21.84,21.84,CUST-1389
ORD-100071,2025-08-16,Skincare Gift Set,Beauty & Personal Care,West,Wholesale,59,41.1,2424.9,CUST-1004
ORD-100072,2024-04-28,Leather Journal,Books & Stationery,East,Online,2,24.79,49.58,CUST-1062
ORD-100073,2026-03-05,Bluetooth Speaker,Electronics,North,Online,1,61.26,61.26,CUST-1310
ORD-100074,2025-06-01,Perfume,Beauty & Personal Care,North,In-Store,3,89.89,269.67,CUST-1201
ORD-100075,2025-04-02,Skincare Gift Set,Beauty & Personal Care,East,Online,1,42.57,42.57,CUST-1368
ORD-100076,2025-05-02,Camping Tent,Sports & Outdoors,South,In-Store,2,159.88,319.76,CUST-1267
ORD-100077,2026-01-03,Air Fryer,Home & Kitchen,East,Online,3,107.69,323.07,CUST-1340
ORD-100078,2024-04-12,Desk Organizer,Books & Stationery,South,In-Store,1,34.79,34.79,CUST-1346
ORD-100079,2024-11-03,Smartwatch,Electronics,East,Online,2,222.54,445.08,CUST-1050
ORD-100080,2024-05-17,Laptop,Electronics,West,Online,5,976.88,4884.4,CUST-1052
ORD-100081,2025-03-25,Blender,Home & Kitchen,East,In-Store,2,54.79,109.58,CUST-1335
ORD-100082,2024-04-04,Fitness Tracker,Sports & Outdoors,East,Wholesale,41,51.31,2103.71,CUST-1092
ORD-100083,2025-11-02,Running Shoes,Fashion,North,Online,1,91.22,91.22,CUST-1021
ORD-100084,2025-02-08,Skincare Gift Set,Beauty & Personal Care,South,Online,2,47.11,94.22,CUST-1300
ORD-100085,2024-03-13,Smartwatch,Electronics,South,Online,1,204.08,204.08,CUST-1336
ORD-100086,2024-01-08,Wireless Headphones,Electronics,East,In-Store,4,133.68,534.72,CUST-1013
ORD-100087,2024-03-18,Casual T-Shirt,Fashion,East,Online,3,20.61,61.83,CUST-1110
ORD-100088,2025-05-22,Hair Dryer,Beauty & Personal Care,East,Online,1,63.41,63.41,CUST-1118
ORD-100089,2025-04-29,Smart TV,Electronics,South,In-Store,1,610.56,610.56,CUST-1012
ORD-100090,2024-07-30,Running Shoes,Fashion,South,Online,2,109.45,218.9,CUST-1033
ORD-100091,2025-09-14,Smartphone,Electronics,North,Online,4,712.75,2851.0,CUST-1319
ORD-100092,2026-01-07,Cookware Set,Home & Kitchen,North,Online,1,133.2,133.2,CUST-1197
ORD-100093,2025-08-04,Dumbbells,Sports & Outdoors,South,Wholesale,38,33.7,1280.6,CUST-1310
ORD-100094,2024-05-16,Cookware Set,Home & Kitchen,East,Wholesale,34,135.4,4603.6,CUST-1219
ORD-100095,2025-10-07,Leather Journal,Books & Stationery,South,In-Store,4,24.9,99.6,CUST-1334
ORD-100096,2025-12-15,Cookware Set,Home & Kitchen,South,Affiliate,3,150.77,452.31,CUST-1211
ORD-100097,2024-08-12,Yoga Mat,Sports & Outdoors,West,Online,2,34.15,68.3,CUST-1355
ORD-100098,2026-04-24,Smartwatch,Electronics,South,In-Store,2,216.82,433.64,CUST-1385
ORD-100099,2024-01-13,Yoga Mat,Sports & Outdoors,North,In-Store,2,27.07,54.14,CUST-1037
ORD-100100,2025-02-22,Bluetooth Speaker,Electronics,West,Online,4,76.6,306.4,CUST-1136
ORD-100101,2025-08-10,Smartwatch,Electronics,North,Online,3,202.39,607.17,CUST-1269
ORD-100102,2026-04-07,Perfume,Beauty & Personal Care,East,In-Store,4,84.43,337.72,CUST-1088
ORD-100103,2026-01-18,Winter Coat,Fashion,North,Online,3,174.97,524.91,CUST-1142
ORD-100104,2025-10-26,Winter Coat,Fashion,West,In-Store,1,133.32,133.32,CUST-1133
ORD-100105,2025-08-01,Sunglasses,Fashion,North,Online,3,73.81,221.43,CUST-1156
ORD-100106,2025-02-14,Smartwatch,Electronics,South,In-Store,4,210.22,840.88,CUST-1352
ORD-100107,2024-06-07,Water Bottle,Sports & Outdoors,West,In-Store,2,16.26,32.52,CUST-1156
ORD-100108,2024-02-16,Hair Dryer,Beauty & Personal Care,East,In-Store,2,50.36,100.72,CUST-1298
ORD-100109,2024-10-09,Ergonomic Chair,Home & Kitchen,South,Online,2,225.41,450.82,CUST-1345
ORD-100110,2024-10-28,Casual T-Shirt,Fashion,South,In-Store,1,21.38,21.38,CUST-1315
ORD-100111,2025-11-13,Fitness Tracker,Sports & Outdoors,North,In-Store,1,73.69,73.69,CUST-1091
ORD-100112,2026-03-09,Fountain Pen,Books & Stationery,West,Wholesale,25,38.01,950.25,CUST-1256
ORD-100113,2026-03-24,Winter Coat,Fashion,East,Affiliate,4,139.31,557.24,CUST-1054
ORD-100114,2025-01-05,Skincare Gift Set,Beauty & Personal Care,South,Wholesale,40,46.64,1865.6,CUST-1290
ORD-100115,2025-07-28,Running Shoes,Fashion,East,Online,3,117.68,353.04,CUST-1016
ORD-100116,2025-10-01,Hiking Backpack,Sports & Outdoors,West,In-Store,1,74.22,74.22,CUST-1343
ORD-100117,2024-06-09,Ergonomic Chair,Home & Kitchen,South,In-Store,1,190.99,190.99,CUST-1083
ORD-100118,2024-12-26,Desk Organizer,Books & Stationery,West,In-Store,2,30.34,60.68,CUST-1140
ORD-100119,2024-08-02,Ergonomic Chair,Home & Kitchen,North,In-Store,1,190.25,190.25,CUST-1143
ORD-100120,2025-02-27,Smartwatch,Electronics,South,In-Store,2,235.69,471.38,CUST-1113
ORD-100121,2024-08-09,Yoga Mat,Sports & Outdoors,East,Affiliate,1,30.01,30.01,CUST-1365
ORD-100122,2024-06-10,Camping Tent,Sports & Outdoors,West,Online,1,182.01,182.01,CUST-1254
ORD-100123,2024-11-23,Essential Oil Diffuser,Beauty & Personal Care,West,Online,1,33.86,33.86,CUST-1095
ORD-100124,2024-04-29,Fountain Pen,Books & Stationery,West,In-Store,1,49.24,49.24,CUST-1222
ORD-100125,2024-01-07,Designer Jeans,Fashion,East,Online,4,84.15,336.6,CUST-1284
ORD-100126,2025-11-30,Bluetooth Speaker,Electronics,South,Wholesale,17,56.81,965.77,CUST-1118
ORD-100127,2026-03-15,Leather Journal,Books & Stationery,West,Online,5,24.35,121.75,CUST-1363
ORD-100128,2024-10-06,Fountain Pen,Books & Stationery,West,Online,2,47.88,95.76,CUST-1208
ORD-100129,2024-08-24,Smart TV,Electronics,East,Online,1,606.96,606.96,CUST-1028
ORD-100130,2024-04-18,Essential Oil Diffuser,Beauty & Personal Care,,Online,2,33.22,66.44,CUST-1033
ORD-100131,2024-01-17,Self-Help Best Seller,Books & Stationery,North,Online,1,20.75,20.75,CUST-1312
ORD-100132,2024-06-16,Sunglasses,Fashion,North,Online,4,68.98,275.92,CUST-1189
ORD-100133,2025-09-25,Sunglasses,Fashion,North,Online,2,78.75,157.5,CUST-1281
ORD-100134,2024-01-29,Robotic Vacuum,Home & Kitchen,East,In-Store,4,285.94,1143.76,CUST-1054
ORD-100135,2025-02-09,Skincare Gift Set,Beauty & Personal Care,East,Online,2,45.39,90.78,CUST-1336
ORD-100136,2025-05-21,Designer Jeans,Fashion,North,Online,1,95.41,95.41,CUST-1128
ORD-100137,2024-08-04,Designer Jeans,Fashion,East,Online,1,84.92,84.92,CUST-1101
ORD-100138,2026-05-15,Makeup Kit,Beauty & Personal Care,,Online,5,62.14,310.7,CUST-1310
ORD-100139,2025-05-11,Fountain Pen,Books & Stationery,North,In-Store,3,44.63,133.89,CUST-1197
ORD-100140,2024-07-18,Smartphone,Electronics,South,Online,2,722.11,1444.22,CUST-1287
ORD-100141,2026-02-16,Laptop,Electronics,South,Online,1,956.78,956.78,CUST-1006
ORD-100142,2024-05-16,Running Shoes,Fashion,South,In-Store,1,118.32,118.32,CUST-1102
ORD-100143,2024-09-29,Robotic Vacuum,Home & Kitchen,South,Wholesale,57,217.62,12404.34,CUST-1182
ORD-100144,2024-12-29,Smartphone,Electronics,North,In-Store,2,779.06,1558.12,CUST-1107
ORD-100145,2025-03-25,Leather Jacket,Fashion,East,Online,1,151.05,151.05,CUST-1095
ORD-100146,2026-01-08,Desk Organizer,Books & Stationery,North,Online,2,25.52,51.04,CUST-1184
ORD-100147,2024-08-26,Laptop,Electronics,East,Online,3,909.16,2727.48,CUST-1176
ORD-100148,2024-01-03,Self-Help Best Seller,Books & Stationery,South,In-Store,1,17.36,17.36,CUST-1072
ORD-100149,2025-02-02,Fitness Tracker,Sports & Outdoors,North,In-Store,1,78.68,78.68,CUST-1197
ORD-100150,2024-10-28,Ergonomic Chair,Home & Kitchen,North,In-Store,1,210.66,210.66,CUST-1071
ORD-100151,2024-11-05,Essential Oil Diffuser,Beauty & Personal Care,South,Online,1,30.12,30.12,CUST-1240
ORD-100152,2026-02-12,Perfume,Beauty & Personal Care,East,Wholesale,49,67.05,3285.45,CUST-1019
ORD-100153,2026-01-22,Running Shoes,Fashion,South,Affiliate,4,112.74,450.96,CUST-1226
ORD-100154,2026-02-19,Smart TV,Electronics,North,Online,4,644.74,2578.96,CUST-1322
ORD-100155,2025-09-26,Wireless Headphones,Electronics,West,Online,1,149.1,149.1,CUST-1024
ORD-100156,2024-09-17,Sunglasses,Fashion,West,In-Store,1,61.17,61.17,CUST-1036
ORD-100157,2024-11-11,Water Bottle,Sports & Outdoors,South,Online,2,24.9,49.8,CUST-1348
ORD-100158,2025-07-21,Running Shoes,Fashion,North,Wholesale,33,98.53,3251.49,CUST-1335
ORD-100159,2024-06-16,Blender,Home & Kitchen,North,Wholesale,39,45.22,1763.58,CUST-1180
ORD-100160,2024-06-18,Ergonomic Chair,Home & Kitchen,North,Wholesale,45,161.03,7246.35,CUST-1022
ORD-100161,2025-03-01,Cookware Set,Home & Kitchen,East,Online,2,149.73,299.46,CUST-1076
ORD-100162,2025-06-07,Essential Oil Diffuser,Beauty & Personal Care,North,Online,1,34.8,34.8,CUST-1343
ORD-100163,2024-12-30,Fountain Pen,Books & Stationery,South,Online,3,45.21,135.63,CUST-1059
ORD-100164,2024-11-30,Makeup Kit,Beauty & Personal Care,West,Online,1,49.47,49.47,CUST-1016
ORD-100165,2025-06-07,Winter Coat,Fashion,South,Online,4,147.28,589.12,CUST-1269
ORD-100166,2025-12-04,Fitness Tracker,Sports & Outdoors,West,In-Store,1,69.42,69.42,CUST-1394
ORD-100167,2024-02-02,Blender,Home & Kitchen,South,Online,2,63.66,127.32,CUST-1003
ORD-100168,2024-04-08,Perfume,Beauty & Personal Care,West,Online,2,68.94,137.88,CUST-1021
ORD-100169,2025-04-03,Smartwatch,Electronics,West,In-Store,4,207.54,830.16,CUST-1356
ORD-100170,2024-03-24,Bluetooth Speaker,Electronics,North,Online,3,79.67,239.01,CUST-1161
ORD-100171,2024-06-11,Smartphone,Electronics,West,Online,5,756.27,3781.35,CUST-1144
ORD-100172,2025-08-27,Ergonomic Chair,Home & Kitchen,East,In-Store,1,206.51,206.51,CUST-1180
ORD-100173,2025-07-11,Smartwatch,Electronics,North,In-Store,1,205.86,205.86,CUST-1008
ORD-100174,2025-11-08,Dumbbells,Sports & Outdoors,North,In-Store,2,49.54,99.08,CUST-1063
ORD-100175,2025-12-17,Hair Dryer,Beauty & Personal Care,South,Online,2,70.4,140.8,CUST-1031
ORD-100176,2024-01-11,Smartphone,Electronics,West,In-Store,3,777.98,2333.94,CUST-1040
ORD-100177,2025-02-04,Desk Organizer,Books & Stationery,South,In-Store,4,32.01,128.04,CUST-1352
ORD-100178,2024-01-02,Bluetooth Speaker,Electronics,North,Online,1,61.64,61.64,CUST-1193
ORD-100179,2024-06-14,Self-Help Best Seller,Books & Stationery,South,Online,2,21.39,42.78,CUST-1359
ORD-100180,2024-11-12,Leather Journal,Books & Stationery,East,In-Store,1,29.35,29.35,CUST-1203
ORD-100181,2026-05-09,Desk Organizer,Books & Stationery,East,Online,2,28.38,56.76,CUST-1207
ORD-100182,2025-02-13,Air Fryer,Home & Kitchen,South,Online,1,94.91,94.91,CUST-1086
ORD-100183,2025-06-07,Essential Oil Diffuser,Beauty & Personal Care,East,Online,3,27.18,81.54,CUST-1220
ORD-100184,2025-09-22,Robotic Vacuum,Home & Kitchen,South,In-Store,1,277.76,277.76,CUST-1311
ORD-100185,2026-05-22,Camping Tent,Sports & Outdoors,North,Online,1,154.19,154.19,CUST-1352
ORD-100186,2024-11-27,Hair Dryer,Beauty & Personal Care,West,In-Store,3,72.27,216.81,CUST-1381
ORD-100187,2025-06-15,Designer Jeans,Fashion,North,Online,3,90.27,270.81,CUST-1227
ORD-100188,2025-07-31,Dumbbells,Sports & Outdoors,East,In-Store,4,51.37,205.48,CUST-1267
ORD-100189,2025-10-04,Skincare Gift Set,Beauty & Personal Care,West,Online,2,42.62,85.24,CUST-1297
ORD-100190,2025-01-09,Perfume,Beauty & Personal Care,North,Online,4,62.06,248.24,CUST-1110
ORD-100191,2024-01-14,Smartphone,Electronics,South,In-Store,1,759.29,759.29,CUST-1027
ORD-100192,2024-09-17,Smartphone,Electronics,North,Online,1,713.08,713.08,CUST-1009
ORD-100193,2025-12-07,Casual T-Shirt,Fashion,South,Online,2,23.36,46.72,CUST-1263
ORD-100194,2025-11-13,Smartwatch,Electronics,North,,1,208.37,208.37,CUST-1203
ORD-100195,2025-09-23,Fitness Tracker,Sports & Outdoors,South,Online,1,75.92,75.92,CUST-1369
ORD-100196,2024-11-29,Makeup Kit,Beauty & Personal Care,North,Online,2,47.02,94.04,CUST-1244
ORD-100197,2024-02-28,Wireless Headphones,Electronics,South,Online,2,130.82,261.64,CUST-1250
ORD-100198,2026-03-21,Laptop,Electronics,East,Online,2,997.3,1994.6,CUST-1177
ORD-100199,2025-03-03,Sci-Fi Novel,Books & Stationery,South,Online,2,13.85,27.7,CUST-1340
ORD-100200,2025-10-30,Sci-Fi Novel,Books & Stationery,East,In-Store,3,18.77,56.31,CUST-1217
ORD-100201,2025-03-02,Leather Jacket,Fashion,West,Wholesale,26,153.75,3997.5,CUST-1327
ORD-100202,2024-12-10,Smart TV,Electronics,West,Wholesale,19,519.15,9863.85,CUST-1360
ORD-100203,2025-08-24,Leather Jacket,Fashion,East,Affiliate,2,180.24,360.48,CUST-1175
ORD-100204,2025-08-11,Wireless Headphones,Electronics,North,In-Store,4,147.56,590.24,CUST-1018
ORD-100205,2025-01-31,Wireless Headphones,Electronics,North,Online,2,147.37,294.74,CUST-1088
ORD-100206,2025-12-25,Camping Tent,Sports & Outdoors,North,Online,2,153.76,307.52,CUST-1304
ORD-100207,2026-01-05,Dumbbells,Sports & Outdoors,East,Online,2,36.82,73.64,CUST-1264
ORD-100208,2024-01-03,Winter Coat,Fashion,North,Online,1,175.7,175.7,CUST-1303
ORD-100209,2024-10-19,Hiking Backpack,Sports & Outdoors,South,In-Store,3,92.94,278.82,CUST-1020
ORD-100210,2025-02-10,Makeup Kit,Beauty & Personal Care,West,Affiliate,1,65.08,65.08,CUST-1276
ORD-100211,2024-05-20,Winter Coat,Fashion,West,In-Store,2,154.28,308.56,CUST-1156
ORD-100212,2026-01-20,Sunglasses,Fashion,South,Online,2,71.52,143.04,CUST-1344
ORD-100213,2024-12-15,Camping Tent,Sports & Outdoors,East,In-Store,1,177.98,177.98,CUST-1297
ORD-100214,2024-02-05,Leather Journal,Books & Stationery,North,In-Store,5,23.73,118.65,CUST-1374
ORD-100215,2024-04-27,Yoga Mat,Sports & Outdoors,East,In-Store,2,36.9,73.8,CUST-1124
ORD-100216,2025-11-12,Laptop,Electronics,West,Online,3,925.55,2776.65,CUST-1059
ORD-100217,2024-06-15,Running Shoes,Fashion,North,Online,1,108.71,108.71,CUST-1048
ORD-100218,2025-11-03,Skincare Gift Set,Beauty & Personal Care,North,In-Store,2,43.56,87.12,CUST-1159
ORD-100219,2025-06-06,Sci-Fi Novel,Books & Stationery,South,Online,1,16.56,16.56,CUST-1262
ORD-100220,2025-08-19,Winter Coat,Fashion,North,In-Store,5,152.28,761.4,CUST-1187
ORD-100221,2024-10-28,Winter Coat,Fashion,East,In-Store,1,158.91,158.91,CUST-1228
ORD-100222,2024-12-18,Smart TV,Electronics,North,In-Store,2,611.32,1222.64,CUST-1315
ORD-100223,2025-10-03,Hiking Backpack,Sports & Outdoors,West,Wholesale,17,75.82,1288.94,CUST-1299
ORD-100224,2025-01-15,Self-Help Best Seller,Books & Stationery,South,Online,5,22.94,114.7,CUST-1285
ORD-100225,2024-04-25,Camping Tent,Sports & Outdoors,North,In-Store,3,187.45,562.35,CUST-1310
ORD-100226,2024-07-26,Leather Journal,Books & Stationery,West,Online,2,28.21,56.42,CUST-1002
ORD-100227,2025-10-17,Hiking Backpack,Sports & Outdoors,North,In-Store,3,74.56,223.68,CUST-1320
ORD-100228,2025-09-24,Dumbbells,Sports & Outdoors,West,In-Store,1,41.42,41.42,CUST-1271
ORD-100229,2026-01-07,Makeup Kit,Beauty & Personal Care,South,Online,1,52.05,52.05,CUST-1257
ORD-100230,2026-01-30,Blender,Home & Kitchen,East,Affiliate,4,57.93,231.72,CUST-1261
ORD-100231,2024-05-22,Desk Organizer,Books & Stationery,South,In-Store,1,33.5,33.5,CUST-1165
ORD-100232,2025-08-16,Self-Help Best Seller,Books & Stationery,South,Online,1,21.93,21.93,CUST-1013
ORD-100233,2024-03-13,Coffee Maker,Home & Kitchen,East,Online,5,83.07,415.35,CUST-1255
ORD-100234,2024-09-22,Bluetooth Speaker,Electronics,West,In-Store,1,77.23,77.23,CUST-1335
ORD-100235,2025-03-11,Blender,Home & Kitchen,North,In-Store,1,57.96,57.96,CUST-1024
ORD-100236,2024-01-12,Water Bottle,Sports & Outdoors,West,Online,1,24.35,24.35,CUST-1389
ORD-100237,2025-11-02,Self-Help Best Seller,Books & Stationery,East,Online,2,20.19,40.38,CUST-1265
ORD-100238,2024-12-10,Coffee Maker,Home & Kitchen,West,Online,2,81.15,162.3,CUST-1392
ORD-100239,2024-04-08,Dumbbells,Sports & Outdoors,East,In-Store,1,41.62,41.62,CUST-1259
ORD-100240,2026-02-23,Makeup Kit,Beauty & Personal Care,West,In-Store,3,52.12,156.36,CUST-1177
ORD-100241,2025-12-03,Sci-Fi Novel,Books & Stationery,East,Online,3,15.12,45.36,CUST-1228
ORD-100242,2024-07-01,Winter Coat,Fashion,South,In-Store,2,154.06,308.12,CUST-1313
ORD-100243,2025-02-26,Perfume,Beauty & Personal Care,North,Affiliate,3,85.02,255.06,CUST-1172
ORD-100244,2025-11-02,Air Fryer,Home & Kitchen,East,Online,1,106.43,106.43,CUST-1116
ORD-100245,2026-03-04,Sunglasses,Fashion,South,Online,1,57.29,57.29,CUST-1041
ORD-100246,2025-09-16,Smart TV,Electronics,North,In-Store,2,632.92,1265.84,CUST-1028
ORD-100247,2026-04-05,Water Bottle,Sports & Outdoors,East,In-Store,4,23.24,92.96,CUST-1199
ORD-100248,2026-05-04,Essential Oil Diffuser,Beauty & Personal Care,West,In-Store,2,26.05,52.1,CUST-1332
ORD-100249,2024-07-18,Air Fryer,Home & Kitchen,West,Online,1,92.15,92.15,CUST-1147
ORD-100250,2024-10-03,Desk Organizer,Books & Stationery,East,Affiliate,3,28.49,85.47,CUST-1050
ORD-100251,2025-05-05,Hair Dryer,Beauty & Personal Care,West,In-Store,4,50.62,202.48,CUST-1135
ORD-100252,2026-02-06,Laptop,Electronics,East,Online,2,966.73,1933.46,CUST-1077
ORD-100253,2025-09-08,Winter Coat,Fashion,South,In-Store,1,174.78,174.78,CUST-1257
ORD-100254,2025-01-08,Camping Tent,Sports & Outdoors,East,Online,2,137.68,275.36,CUST-1152
ORD-100255,2025-05-02,Camping Tent,Sports & Outdoors,South,Online,4,166.77,667.08,CUST-1171
ORD-100256,2024-10-14,Bluetooth Speaker,Electronics,West,Online,4,65.71,262.84,CUST-1267
ORD-100257,2024-08-20,Perfume,Beauty & Personal Care,South,Wholesale,54,56.63,3058.02,CUST-1237
ORD-100258,2025-10-08,Ergonomic Chair,Home & Kitchen,North,Affiliate,1,217.65,217.65,CUST-1257
ORD-100259,2025-06-24,Hiking Backpack,Sports & Outdoors,East,In-Store,3,98.94,296.82,CUST-1277
ORD-100260,2025-11-13,Wireless Headphones,Electronics,East,Online,1,135.94,135.94,CUST-1107
ORD-100261,2024-08-16,Leather Jacket,Fashion,North,In-Store,4,150.46,601.84,CUST-1387
ORD-100262,2024-04-13,Leather Jacket,Fashion,South,In-Store,3,160.19,480.57,CUST-1218
ORD-100263,2024-03-06,Skincare Gift Set,Beauty & Personal Care,South,Wholesale,26,43.41,1128.66,CUST-1208
ORD-100264,2025-03-12,Smartphone,Electronics,East,Wholesale,20,622.78,12455.6,CUST-1311
ORD-100265,2024-05-11,Makeup Kit,Beauty & Personal Care,West,Online,1,60.43,60.43,CUST-1229
ORD-100266,2025-04-13,Hair Dryer,Beauty & Personal Care,West,Online,1,68.58,68.58,CUST-1272
ORD-100267,2024-08-08,Fountain Pen,Books & Stationery,West,Online,3,31.29,93.87,CUST-1375
ORD-100268,2026-02-04,Self-Help Best Seller,Books & Stationery,West,Wholesale,33,16.84,555.72,CUST-1151
ORD-100269,2024-11-09,Sci-Fi Novel,Books & Stationery,West,In-Store,1,17.72,17.72,CUST-1349
ORD-100270,2025-04-25,Sunglasses,Fashion,West,In-Store,5,51.87,259.35,CUST-1117
ORD-100271,2026-03-23,Desk Organizer,Books & Stationery,East,Online,2,29.95,59.9,CUST-1077
ORD-100272,2024-05-03,Laptop,Electronics,North,In-Store,5,958.77,4793.85,CUST-1258
ORD-100273,2025-09-10,Sci-Fi Novel,Books & Stationery,East,Online,4,17.18,68.72,CUST-1034
ORD-100274,2024-10-28,Perfume,Beauty & Personal Care,West,Wholesale,24,62.76,1506.24,CUST-1191
ORD-100275,2024-09-17,Sunglasses,Fashion,East,Online,2,51.49,102.98,CUST-1312
ORD-100276,2025-09-03,Desk Organizer,Books & Stationery,North,In-Store,2,26.3,52.6,CUST-1035
ORD-100277,2025-12-25,Camping Tent,Sports & Outdoors,West,Online,1,146.92,146.92,CUST-1269
ORD-100278,2025-02-03,Self-Help Best Seller,Books & Stationery,South,Online,2,21.75,43.5,CUST-1183
ORD-100279,2025-09-10,Running Shoes,Fashion,West,Online,3,94.17,282.51,CUST-1069
ORD-100280,2025-09-30,Robotic Vacuum,Home & Kitchen,West,Affiliate,1,256.39,256.39,CUST-1375
ORD-100281,2024-11-09,Hair Dryer,Beauty & Personal Care,East,Online,2,54.34,108.68,CUST-1370
ORD-100282,2025-03-20,Smart TV,Electronics,West,Online,1,607.55,607.55,CUST-1085
ORD-100283,2024-10-15,Perfume,Beauty & Personal Care,South,In-Store,3,85.79,257.37,CUST-1176
ORD-100284,2025-06-12,Self-Help Best Seller,Books & Stationery,North,Online,2,18.87,37.74,CUST-1056
ORD-100285,2024-03-06,Cookware Set,Home & Kitchen,West,Online,2,149.96,299.92,CUST-1058
ORD-100286,2024-08-30,Bluetooth Speaker,Electronics,East,In-Store,3,63.28,189.84,CUST-1142
ORD-100287,2025-01-10,Desk Organizer,Books & Stationery,East,Affiliate,2,33.7,67.4,CUST-1283
ORD-100288,2024-01-26,Designer Jeans,Fashion,East,Affiliate,2,81.87,163.74,CUST-1226
ORD-100289,2026-02-12,Wireless Headphones,Electronics,East,Online,1,137.6,137.6,CUST-1267
ORD-100290,2025-08-08,Fitness Tracker,Sports & Outdoors,North,In-Store,3,72.71,218.13,CUST-1046
ORD-100291,2024-08-25,Sunglasses,Fashion,West,Online,2,70.87,141.74,CUST-1364
ORD-100292,2026-05-24,Leather Journal,Books & Stationery,East,Online,4,25.97,103.88,CUST-1379
ORD-100293,2025-11-18,Dumbbells,Sports & Outdoors,South,Wholesale,23,42.81,984.63,CUST-1011
ORD-100294,2026-03-24,Bluetooth Speaker,Electronics,North,In-Store,1,79.67,79.67,CUST-1101
ORD-100295,2025-05-20,Cookware Set,Home & Kitchen,North,Online,3,142.38,427.14,CUST-1153
ORD-100296,2025-01-16,Cookware Set,Home & Kitchen,North,Wholesale,20,113.44,2268.8,CUST-1210
ORD-100297,2025-07-25,Coffee Maker,Home & Kitchen,West,Online,1,96.42,96.42,CUST-1130
ORD-100298,2025-08-10,Casual T-Shirt,Fashion,South,Online,1,21.12,21.12,CUST-1179
ORD-100299,2025-06-29,Leather Jacket,Fashion,East,In-Store,1,180.68,180.68,CUST-1324
ORD-100300,2025-09-11,Blender,Home & Kitchen,North,In-Store,1,50.61,50.61,CUST-1247
ORD-100301,2024-06-04,Leather Journal,Books & Stationery,North,Wholesale,37,22.56,834.72,CUST-1127
ORD-100302,2024-07-09,Designer Jeans,Fashion,East,Online,1,84.3,84.3,CUST-1116
ORD-100303,2025-04-04,Smart TV,Electronics,North,Wholesale,47,543.5,25544.5,CUST-1133
ORD-100304,2024-09-07,Blender,Home & Kitchen,South,Online,4,57.79,231.16,CUST-1327
ORD-100305,2025-12-02,Fountain Pen,Books & Stationery,North,Online,1,38.44,38.44,CUST-1101
ORD-100306,2025-12-27,Wireless Headphones,Electronics,East,In-Store,3,149.45,448.35,CUST-1172
ORD-100307,2024-11-22,Wireless Headphones,Electronics,North,Online,4,142.55,570.2,CUST-1397
ORD-100308,2024-04-29,Makeup Kit,Beauty & Personal Care,South,Online,2,47.92,95.84,CUST-1307
ORD-100309,2026-03-31,Air Fryer,Home & Kitchen,South,In-Store,1,98.99,98.99,CUST-1263
ORD-100310,2025-05-28,Leather Journal,Books & Stationery,East,Online,1,29.88,29.88,CUST-1368
ORD-100311,2025-03-07,Blender,Home & Kitchen,South,In-Store,2,69.9,139.8,CUST-1303
ORD-100312,2024-10-02,Yoga Mat,Sports & Outdoors,North,Affiliate,2,36.05,72.1,CUST-1215
ORD-100313,2025-04-24,Makeup Kit,Beauty & Personal Care,South,In-Store,2,64.2,128.4,CUST-1025
ORD-100314,2026-03-30,Essential Oil Diffuser,Beauty & Personal Care,North,In-Store,1,29.44,29.44,CUST-1347
ORD-100315,2025-06-23,Water Bottle,Sports & Outdoors,West,Affiliate,2,24.7,49.4,CUST-1360
ORD-100316,2026-02-07,Leather Journal,Books & Stationery,North,Online,1,20.02,20.02,CUST-1135
ORD-100317,2025-04-11,Smart TV,Electronics,North,In-Store,2,616.56,1233.12,CUST-1236
ORD-100318,2026-05-01,Perfume,Beauty & Personal Care,South,Online,3,60.16,180.48,CUST-1379
ORD-100319,2026-05-14,Perfume,Beauty & Personal Care,South,Online,1,77.15,77.15,CUST-1232
ORD-100320,2026-03-27,Smart TV,Electronics,East,Wholesale,55,514.83,28315.65,CUST-1038
ORD-100321,2025-01-31,Fountain Pen,Books & Stationery,East,Online,1,39.0,39.0,CUST-1107
ORD-100322,2024-01-19,Perfume,Beauty & Personal Care,North,Online,3,67.74,203.22,CUST-1102
ORD-100323,2024-09-06,Wireless Headphones,Electronics,South,Online,1,130.03,130.03,CUST-1174
ORD-100324,2026-05-01,Sunglasses,Fashion,East,In-Store,1,61.51,61.51,CUST-1238
ORD-100325,2025-02-15,Smart TV,Electronics,East,Online,4,620.2,2480.8,CUST-1284
ORD-100326,2024-04-14,Blender,Home & Kitchen,South,In-Store,4,61.96,247.84,CUST-1376
ORD-100327,2024-03-24,Fountain Pen,Books & Stationery,North,Online,2,44.81,89.62,CUST-1295
ORD-100328,2024-09-14,Desk Organizer,Books & Stationery,North,Online,1,27.94,27.94,CUST-1356
ORD-100329,2024-05-06,Smart TV,Electronics,North,In-Store,2,603.36,1206.72,CUST-1098
ORD-100330,2025-03-04,Hair Dryer,Beauty & Personal Care,West,In-Store,3,67.7,203.1,CUST-1155
ORD-100331,2024-03-03,Coffee Maker,Home & Kitchen,South,In-Store,2,87.39,174.78,CUST-1166
ORD-100332,2024-10-16,Makeup Kit,Beauty & Personal Care,North,Online,1,46.89,46.89,CUST-1156
ORD-100333,2024-07-20,Hiking Backpack,Sports & Outdoors,East,In-Store,2,80.21,160.42,CUST-1368
ORD-100334,2025-01-26,Sunglasses,Fashion,South,Online,2,67.4,134.8,CUST-1364
ORD-100335,2025-03-09,Blender,Home & Kitchen,West,Online,1,69.27,69.27,CUST-1362
ORD-100336,2025-03-23,Coffee Maker,Home & Kitchen,North,Online,1,86.25,86.25,CUST-1121
ORD-100337,2024-05-04,Water Bottle,Sports & Outdoors,South,In-Store,3,19.73,59.19,CUST-1368
ORD-100338,2026-03-07,Desk Organizer,Books & Stationery,West,Online,2,25.3,50.6,CUST-1164
ORD-100339,2025-05-03,Casual T-Shirt,Fashion,East,Wholesale,17,23.47,398.99,CUST-1041
ORD-100340,2024-12-19,Coffee Maker,Home & Kitchen,South,In-Store,1,81.14,81.14,CUST-1138
ORD-100341,2024-12-24,Smartphone,Electronics,North,Online,2,758.29,1516.58,CUST-1138
ORD-100342,2024-04-08,Camping Tent,Sports & Outdoors,North,In-Store,2,167.39,334.78,CUST-1340
ORD-100343,2025-06-03,Bluetooth Speaker,Electronics,East,Online,2,70.85,141.7,CUST-1353
ORD-100344,2024-09-23,Dumbbells,Sports & Outdoors,East,In-Store,1,38.26,38.26,CUST-1183
ORD-100345,2024-01-20,Sunglasses,Fashion,East,Online,5,79.08,395.4,CUST-1235
ORD-100346,2025-11-25,Sunglasses,Fashion,North,In-Store,2,58.56,117.12,CUST-1202
ORD-100347,2025-12-04,Designer Jeans,Fashion,South,Online,2,97.3,194.6,CUST-1174
ORD-100348,2026-01-20,Essential Oil Diffuser,Beauty & Personal Care,North,Online,1,26.99,26.99,CUST-1336
ORD-100349,2026-05-30,Ergonomic Chair,Home & Kitchen,North,In-Store,2,192.79,385.58,CUST-1286
ORD-100350,2025-12-20,Sci-Fi Novel,Books & Stationery,East,In-Store,1,13.17,13.17,CUST-1125
ORD-100351,2024-10-03,Designer Jeans,Fashion,West,In-Store,3,85.57,256.71,CUST-1162
ORD-100352,2024-01-19,Designer Jeans,Fashion,South,Online,3,81.79,245.37,CUST-1024
ORD-100353,2025-07-02,Perfume,Beauty & Personal Care,North,In-Store,3,84.65,253.95,CUST-1193
ORD-100354,2025-12-03,Laptop,Electronics,West,In-Store,1,907.75,907.75,CUST-1074
ORD-100355,2024-12-20,Desk Organizer,Books & Stationery,West,Online,5,30.76,153.8,CUST-1122
ORD-100356,2024-12-23,Laptop,Electronics,West,Online,1,979.44,979.44,CUST-1012
ORD-100357,2024-07-02,Camping Tent,Sports & Outdoors,West,Online,1,146.85,146.85,CUST-1054
ORD-100358,2024-01-27,Skincare Gift Set,Beauty & Personal Care,South,Affiliate,2,50.97,101.94,CUST-1052
ORD-100359,2026-02-25,Leather Journal,Books & Stationery,West,Online,2,27.19,54.38,CUST-1053
ORD-100360,2025-07-17,Winter Coat,Fashion,South,Wholesale,38,130.18,4946.84,CUST-1334
ORD-100361,2024-01-22,Water Bottle,Sports & Outdoors,West,Online,2,24.16,48.32,CUST-1289
ORD-100362,2025-09-30,Air Fryer,Home & Kitchen,East,Online,1,112.45,112.45,CUST-1348
ORD-100363,2025-12-26,Leather Journal,Books & Stationery,South,Online,1,20.62,20.62,CUST-1376
ORD-100364,2026-04-11,Air Fryer,Home & Kitchen,East,In-Store,4,100.8,403.2,CUST-1099
ORD-100365,2024-05-20,Air Fryer,Home & Kitchen,West,Affiliate,1,101.31,101.31,CUST-1185
ORD-100366,2025-04-15,Smartphone,Electronics,West,In-Store,1,763.26,763.26,CUST-1212
ORD-100367,2024-08-22,Smartphone,Electronics,West,In-Store,1,712.95,712.95,CUST-1020
ORD-100368,2025-10-13,Hair Dryer,Beauty & Personal Care,South,Affiliate,2,53.13,106.26,CUST-1040
ORD-100369,2024-12-20,Winter Coat,Fashion,North,Online,3,168.53,505.59,CUST-1209
ORD-100370,2024-01-31,Designer Jeans,Fashion,East,In-Store,2,93.14,186.28,CUST-1099
ORD-100371,2025-09-12,Hair Dryer,Beauty & Personal Care,West,In-Store,3,61.83,185.49,CUST-1027
ORD-100372,2024-11-21,Makeup Kit,Beauty & Personal Care,South,In-Store,1,60.25,60.25,CUST-1234
ORD-100373,2024-08-14,Smartwatch,Electronics,North,Online,3,239.09,717.27,CUST-1045
ORD-100374,2025-06-08,Winter Coat,Fashion,South,Online,2,165.46,330.92,CUST-1110
ORD-100375,2025-09-05,Desk Organizer,Books & Stationery,East,Wholesale,40,21.33,853.2,CUST-1229
ORD-100376,2026-04-12,Yoga Mat,Sports & Outdoors,South,Wholesale,56,27.89,1561.84,CUST-1186
ORD-100377,2025-11-04,Perfume,Beauty & Personal Care,East,In-Store,1,70.24,70.24,CUST-1125
ORD-100378,2024-01-12,Cookware Set,Home & Kitchen,,Wholesale,23,123.97,2851.31,CUST-1159
ORD-100379,2024-11-26,Bluetooth Speaker,Electronics,West,Wholesale,43,57.76,2483.68,CUST-1156
ORD-100380,2025-09-01,Makeup Kit,Beauty & Personal Care,South,In-Store,5,55.47,277.35,CUST-1118
ORD-100381,2025-10-06,Camping Tent,Sports & Outdoors,West,Online,1,168.67,168.67,CUST-1058
ORD-100382,2024-03-30,Designer Jeans,Fashion,South,Online,1,92.44,92.44,CUST-1180
ORD-100383,2025-03-31,Hiking Backpack,Sports & Outdoors,North,Affiliate,1,77.79,77.79,CUST-1187
ORD-100384,2025-05-03,Self-Help Best Seller,Books & Stationery,South,Online,2,20.51,41.02,CUST-1247
ORD-100385,2025-07-19,Fountain Pen,Books & Stationery,West,In-Store,2,45.21,90.42,CUST-1389
ORD-100386,2025-03-21,Winter Coat,Fashion,North,Online,2,157.32,314.64,CUST-1005
ORD-100387,2024-04-02,Essential Oil Diffuser,Beauty & Personal Care,North,Affiliate,3,31.73,95.19,CUST-1010
ORD-100388,2026-05-12,Leather Journal,Books & Stationery,East,Online,2,21.96,43.92,CUST-1186
ORD-100389,2024-03-30,Hiking Backpack,Sports & Outdoors,South,In-Store,1,83.76,83.76,CUST-1373
ORD-100390,2024-06-02,Hiking Backpack,Sports & Outdoors,North,Affiliate,5,91.95,459.75,CUST-1244
ORD-100391,2024-09-03,Hair Dryer,Beauty & Personal Care,West,Online,1,64.3,64.3,CUST-1038
ORD-100392,2025-08-15,Winter Coat,Fashion,West,Online,1,172.75,172.75,CUST-1100
ORD-100393,2025-05-26,Cookware Set,Home & Kitchen,West,Online,2,128.87,257.74,CUST-1090
ORD-100394,2026-02-28,Bluetooth Speaker,Electronics,North,Online,4,69.61,278.44,CUST-1247
ORD-100395,2025-05-13,Smart TV,Electronics,North,In-Store,1,638.04,638.04,CUST-1093
ORD-100396,2025-11-05,Coffee Maker,Home & Kitchen,South,Affiliate,1,87.13,87.13,CUST-1180
ORD-100397,2024-03-31,Laptop,Electronics,South,Affiliate,1,990.21,990.21,CUST-1265
ORD-100398,2024-11-10,Bluetooth Speaker,Electronics,North,Online,2,60.71,121.42,CUST-1220
ORD-100399,2025-08-02,Blender,Home & Kitchen,West,In-Store,1,58.54,58.54,CUST-1187
ORD-100400,2024-11-22,Casual T-Shirt,Fashion,West,Wholesale,34,20.55,698.7,CUST-1398
ORD-100401,2026-01-23,Skincare Gift Set,Beauty & Personal Care,West,Wholesale,42,39.02,1638.84,CUST-1323
ORD-100402,2025-12-07,Cookware Set,Home & Kitchen,North,In-Store,2,149.06,298.12,CUST-1322
ORD-100403,2025-04-15,Makeup Kit,Beauty & Personal Care,North,Online,2,54.49,108.98,CUST-1168
ORD-100404,2026-04-04,Dumbbells,Sports & Outdoors,North,Affiliate,1,44.04,44.04,CUST-1084
ORD-100405,2024-11-12,Ergonomic Chair,Home & Kitchen,West,Online,3,216.46,649.38,CUST-1238
ORD-100406,2024-12-08,Leather Jacket,Fashion,North,In-Store,3,194.79,584.37,CUST-1205
ORD-100407,2024-07-03,Ergonomic Chair,Home & Kitchen,West,In-Store,1,200.28,200.28,CUST-1148
ORD-100408,2026-01-22,Leather Jacket,Fashion,South,In-Store,2,151.02,302.04,CUST-1138
ORD-100409,2025-04-24,Smart TV,Electronics,West,In-Store,1,630.07,630.07,CUST-1356
ORD-100410,2024-07-09,Wireless Headphones,Electronics,North,Online,1,137.38,137.38,CUST-1270
ORD-100411,2024-04-05,Leather Journal,Books & Stationery,South,In-Store,4,21.21,84.84,CUST-1080
ORD-100412,2025-04-21,Bluetooth Speaker,Electronics,West,Affiliate,4,64.26,257.04,CUST-1062
ORD-100413,2024-06-23,Skincare Gift Set,Beauty & Personal Care,South,Online,3,46.23,138.69,CUST-1127
ORD-100414,2025-03-27,Blender,Home & Kitchen,West,In-Store,2,66.77,133.54,CUST-1161
ORD-100415,2025-12-01,Cookware Set,Home & Kitchen,North,In-Store,2,152.68,305.36,CUST-1192
ORD-100416,2025-01-24,Essential Oil Diffuser,Beauty & Personal Care,West,Online,4,34.51,138.04,CUST-1147
ORD-100417,2024-04-04,Winter Coat,Fashion,North,Online,1,163.63,163.63,CUST-1374
ORD-100418,2025-08-17,Coffee Maker,Home & Kitchen,West,Online,2,84.94,169.88,CUST-1125
ORD-100419,2025-07-18,Robotic Vacuum,Home & Kitchen,North,Online,4,281.05,1124.2,CUST-1068
ORD-100420,2024-04-27,Smartwatch,Electronics,North,In-Store,1,204.19,204.19,CUST-1046
ORD-100421,2025-11-09,Makeup Kit,Beauty & Personal Care,East,Online,3,59.42,178.26,CUST-1127
ORD-100422,2026-04-01,Water Bottle,Sports & Outdoors,East,Online,5,18.24,91.2,CUST-1217
ORD-100423,2025-07-27,Laptop,Electronics,North,Affiliate,2,997.06,1994.12,CUST-1081
ORD-100424,2025-04-18,Wireless Headphones,Electronics,East,Online,1,140.38,140.38,CUST-1344
ORD-100425,2026-03-13,Camping Tent,Sports & Outdoors,South,In-Store,1,171.38,171.38,CUST-1156
ORD-100426,2025-07-06,Desk Organizer,Books & Stationery,West,Online,2,30.98,61.96,CUST-1308
ORD-100427,2026-03-12,Fountain Pen,Books & Stationery,North,In-Store,2,43.51,87.02,CUST-1099
ORD-100428,2024-02-28,Makeup Kit,Beauty & Personal Care,South,Online,2,64.92,129.84,CUST-1314
ORD-100429,2024-09-04,Desk Organizer,Books & Stationery,North,Online,2,32.0,64.0,CUST-1300
ORD-100430,2024-05-16,Hiking Backpack,Sports & Outdoors,West,In-Store,2,98.72,197.44,CUST-1287
ORD-100431,2025-10-18,Leather Jacket,Fashion,South,Online,3,187.13,561.39,CUST-1126
ORD-100432,2025-02-12,Water Bottle,Sports & Outdoors,East,Online,2,20.12,40.24,CUST-1272
ORD-100433,2024-02-12,Leather Jacket,Fashion,West,In-Store,3,185.69,557.07,CUST-1110
ORD-100434,2025-07-28,Smart TV,Electronics,East,Online,1,600.78,600.78,CUST-1060
ORD-100435,2026-04-09,Coffee Maker,Home & Kitchen,East,Wholesale,52,74.32,3864.64,CUST-1126
ORD-100436,2024-10-01,Essential Oil Diffuser,Beauty & Personal Care,North,Online,5,31.16,155.8,CUST-1263
ORD-100437,2025-11-21,Smart TV,Electronics,East,In-Store,1,610.3,610.3,CUST-1283
ORD-100438,2025-10-10,Running Shoes,Fashion,North,Wholesale,52,88.08,4580.16,CUST-1167
ORD-100439,2025-02-23,Cookware Set,Home & Kitchen,South,Wholesale,36,128.65,4631.4,CUST-1138
ORD-100440,2025-11-28,Dumbbells,Sports & Outdoors,North,Online,1,47.56,47.56,CUST-1206
ORD-100441,2026-01-23,Smart TV,Electronics,North,Online,1,646.19,646.19,CUST-1201
ORD-100442,2026-05-09,Cookware Set,Home & Kitchen,East,Online,1,153.05,153.05,CUST-1195
ORD-100443,2024-05-19,Designer Jeans,Fashion,East,Online,4,87.13,348.52,CUST-1236
ORD-100444,2024-11-06,Makeup Kit,Beauty & Personal Care,North,In-Store,4,58.63,234.52,CUST-1096
ORD-100445,2026-05-30,Smartwatch,Electronics,East,Online,2,227.66,455.32,CUST-1260
ORD-100446,2024-03-16,Ergonomic Chair,Home & Kitchen,South,Online,2,201.95,403.9,CUST-1086
ORD-100447,2025-01-06,Skincare Gift Set,Beauty & Personal Care,North,In-Store,3,54.8,164.4,CUST-1017
ORD-100448,2025-08-28,Smartwatch,Electronics,East,In-Store,4,200.95,803.8,CUST-1121
ORD-100449,2025-10-11,Robotic Vacuum,Home & Kitchen,South,,1,255.91,255.91,CUST-1246
ORD-100450,2025-07-12,Ergonomic Chair,Home & Kitchen,West,In-Store,5,190.97,954.85,CUST-1136
ORD-100451,2025-04-25,Blender,Home & Kitchen,East,In-Store,1,63.92,63.92,CUST-1353
ORD-100452,2025-05-13,Laptop,Electronics,East,Online,2,902.2,1804.4,CUST-1319
ORD-100453,2024-11-12,Designer Jeans,Fashion,North,In-Store,2,84.12,168.24,CUST-1313
ORD-100454,2024-07-11,Smartwatch,Electronics,North,In-Store,2,239.63,479.26,CUST-1028
ORD-100455,2025-09-20,Sunglasses,Fashion,South,In-Store,2,76.44,152.88,CUST-1320
ORD-100456,2024-12-01,Wireless Headphones,Electronics,South,In-Store,2,132.54,265.08,CUST-1338
ORD-100457,2025-03-04,Blender,Home & Kitchen,South,In-Store,1,51.5,51.5,CUST-1383
ORD-100458,2025-07-13,Desk Organizer,Books & Stationery,West,Affiliate,1,26.81,26.81,CUST-1312
ORD-100459,2024-02-18,Casual T-Shirt,Fashion,East,Online,4,28.03,112.12,CUST-1233
ORD-100460,2026-01-02,Ergonomic Chair,Home & Kitchen,West,Online,1,216.45,216.45,CUST-1059
ORD-100461,2026-04-22,Blender,Home & Kitchen,South,In-Store,2,57.57,115.14,CUST-1347
ORD-100462,2025-11-01,Skincare Gift Set,Beauty & Personal Care,North,In-Store,3,51.61,154.83,CUST-1317
ORD-100463,2026-03-17,Yoga Mat,Sports & Outdoors,East,In-Store,3,25.21,75.63,CUST-1070
ORD-100464,2024-04-01,Dumbbells,Sports & Outdoors,North,Online,2,53.74,107.48,CUST-1276
ORD-100465,2025-05-04,Perfume,Beauty & Personal Care,South,Online,2,78.96,157.92,CUST-1266
ORD-100466,2024-02-23,Air Fryer,Home & Kitchen,East,Wholesale,44,82.65,3636.6,CUST-1203
ORD-100467,2025-10-11,Laptop,Electronics,West,Online,2,969.61,1939.22,CUST-1317
ORD-100468,2026-01-05,Leather Journal,Books & Stationery,South,In-Store,1,22.63,22.63,CUST-1172
ORD-100469,2024-06-04,Sci-Fi Novel,Books & Stationery,East,Online,2,16.92,33.84,CUST-1206
ORD-100470,2025-01-22,Desk Organizer,Books & Stationery,West,Online,2,32.73,65.46,CUST-1256
ORD-100471,2025-11-07,Sci-Fi Novel,Books & Stationery,East,Wholesale,20,15.53,310.6,CUST-1216
ORD-100472,2024-02-25,Perfume,Beauty & Personal Care,South,In-Store,3,84.75,254.25,CUST-1380
ORD-100473,2024-01-27,Fitness Tracker,Sports & Outdoors,East,Wholesale,24,50.82,1219.68,CUST-1364
ORD-100474,2026-05-08,Perfume,Beauty & Personal Care,West,Wholesale,35,54.31,1900.85,CUST-1303
ORD-100475,2025-05-15,Self-Help Best Seller,Books & Stationery,West,Online,3,20.64,61.92,CUST-1234
ORD-100476,2025-03-17,Perfume,Beauty & Personal Care,East,In-Store,5,72.06,360.3,CUST-1382
ORD-100477,2024-01-19,Casual T-Shirt,Fashion,West,In-Store,4,23.88,95.52,CUST-1138
ORD-100478,2025-09-13,Water Bottle,Sports & Outdoors,North,Affiliate,5,21.32,106.6,CUST-1387
ORD-100479,2025-04-12,Leather Journal,Books & Stationery,West,Online,2,25.03,50.06,CUST-1054
ORD-100480,2025-11-24,Cookware Set,Home & Kitchen,East,In-Store,2,145.26,290.52,CUST-1181
ORD-100481,2025-04-02,Smartphone,Electronics,West,In-Store,2,741.37,1482.74,CUST-1208
ORD-100482,2025-03-09,Camping Tent,Sports & Outdoors,East,Online,2,176.74,353.48,CUST-1295
ORD-100483,2024-04-27,Fountain Pen,Books & Stationery,South,Online,1,42.77,42.77,CUST-1292
ORD-100484,2026-01-11,Self-Help Best Seller,Books & Stationery,West,Online,1,20.91,20.91,CUST-1007
ORD-100485,2024-01-29,Leather Journal,Books & Stationery,West,Online,2,26.06,52.12,CUST-1234
ORD-100486,2025-06-02,Blender,Home & Kitchen,West,,23,55.03,1265.69,CUST-1178
ORD-100487,2024-07-30,Smart TV,Electronics,East,In-Store,1,623.24,623.24,CUST-1379
ORD-100488,2026-01-12,Yoga Mat,Sports & Outdoors,South,Affiliate,1,35.03,35.03,CUST-1010
ORD-100489,2024-04-07,Camping Tent,Sports & Outdoors,West,Online,4,143.75,575.0,CUST-1051
ORD-100490,2026-02-21,Cookware Set,Home & Kitchen,West,Online,1,150.36,150.36,CUST-1359
ORD-100491,2024-04-19,Makeup Kit,Beauty & Personal Care,West,Online,2,62.52,125.04,CUST-1035
ORD-100492,2024-04-10,Camping Tent,Sports & Outdoors,East,Affiliate,1,150.55,150.55,CUST-1277
ORD-100493,2024-01-11,Dumbbells,Sports & Outdoors,North,Online,3,55.09,165.27,CUST-1127
ORD-100494,2024-08-25,Fitness Tracker,Sports & Outdoors,North,Online,5,64.63,323.15,CUST-1312
ORD-100495,2025-03-14,Designer Jeans,Fashion,North,In-Store,2,83.8,167.6,CUST-1398
ORD-100496,2024-04-15,Skincare Gift Set,Beauty & Personal Care,West,Online,1,55.29,55.29,CUST-1081
ORD-100497,2025-03-22,Fitness Tracker,Sports & Outdoors,West,Online,4,70.6,282.4,CUST-1017
ORD-100498,2025-03-14,Air Fryer,Home & Kitchen,West,Online,5,105.41,527.05,CUST-1228
ORD-100499,2025-01-24,Smartphone,Electronics,East,Online,5,748.95,3744.75,CUST-1071
ORD-100500,2024-07-05,Desk Organizer,Books & Stationery,East,Online,1,26.64,26.64,CUST-1225
ORD-100501,2025-12-20,Skincare Gift Set,Beauty & Personal Care,West,In-Store,1,55.7,55.7,CUST-1186
ORD-100502,2024-03-16,Perfume,Beauty & Personal Care,North,Online,1,65.24,65.24,CUST-1212
ORD-100503,2026-01-31,Desk Organizer,Books & Stationery,East,In-Store,1,25.0,25.0,CUST-1204
ORD-100504,2024-12-02,Smart TV,Electronics,North,Online,1,617.55,617.55,CUST-1218
ORD-100505,2024-11-23,Coffee Maker,Home & Kitchen,North,Online,2,95.71,191.42,CUST-1188
ORD-100506,2024-09-28,Self-Help Best Seller,Books & Stationery,South,Affiliate,3,19.09,57.27,CUST-1220
ORD-100507,2024-08-25,Essential Oil Diffuser,Beauty & Personal Care,North,Online,2,25.29,50.58,CUST-1115
ORD-100508,2025-12-14,Water Bottle,Sports & Outdoors,West,Online,4,15.49,61.96,CUST-1136
ORD-100509,2025-11-24,Hiking Backpack,Sports & Outdoors,West,Online,1,92.6,92.6,CUST-1236
ORD-100510,2024-09-24,Wireless Headphones,Electronics,South,Online,2,146.02,292.04,CUST-1350
ORD-100511,2024-09-29,Casual T-Shirt,Fashion,West,Affiliate,1,28.55,28.55,CUST-1101
ORD-100512,2026-04-01,Smart TV,Electronics,East,Online,1,611.71,611.71,CUST-1062
ORD-100513,2025-10-29,Air Fryer,Home & Kitchen,West,Online,3,109.59,328.77,CUST-1118
ORD-100514,2025-08-02,Self-Help Best Seller,Books & Stationery,West,Affiliate,1,22.29,22.29,CUST-1287
ORD-100515,2024-04-14,Dumbbells,Sports & Outdoors,West,Online,1,54.85,54.85,CUST-1283
ORD-100516,2025-08-31,Camping Tent,Sports & Outdoors,West,Online,1,185.71,185.71,CUST-1183
ORD-100517,2025-08-10,Sci-Fi Novel,Books & Stationery,South,Online,1,15.67,15.67,CUST-1117
ORD-100518,2024-12-25,Running Shoes,Fashion,North,Online,4,117.12,468.48,CUST-1112
ORD-100519,2024-09-27,Bluetooth Speaker,Electronics,East,Online,4,64.98,259.92,CUST-1339
ORD-100520,2024-03-27,Smartwatch,Electronics,South,Affiliate,2,209.52,419.04,CUST-1339
ORD-100521,2025-04-13,Sci-Fi Novel,Books & Stationery,South,In-Store,4,16.18,64.72,CUST-1365
ORD-100522,2024-10-28,Laptop,Electronics,North,Online,1,954.66,954.66,CUST-1090
ORD-100523,2025-06-13,Ergonomic Chair,Home & Kitchen,West,Wholesale,24,175.23,4205.52,CUST-1344
ORD-100524,2024-06-28,Cookware Set,Home & Kitchen,South,In-Store,2,151.19,302.38,CUST-1055
ORD-100525,2026-05-10,Skincare Gift Set,Beauty & Personal Care,South,In-Store,1,57.9,57.9,CUST-1029
ORD-100526,2026-02-17,Camping Tent,Sports & Outdoors,West,Online,4,177.36,709.44,CUST-1219
ORD-100527,2025-08-28,Casual T-Shirt,Fashion,South,Online,1,22.39,22.39,CUST-1075
ORD-100528,2025-03-14,Skincare Gift Set,Beauty & Personal Care,East,In-Store,4,45.05,180.2,CUST-1334
ORD-100529,2024-07-27,Cookware Set,Home & Kitchen,South,Wholesale,31,128.99,3998.69,CUST-1089
ORD-100530,2025-10-14,Smartwatch,Electronics,East,Online,1,245.63,245.63,CUST-1142
ORD-100531,2024-09-25,Bluetooth Speaker,Electronics,West,Online,4,64.07,256.28,CUST-1304
ORD-100532,2025-02-10,Casual T-Shirt,Fashion,South,Online,2,23.11,46.22,CUST-1145
ORD-100533,2025-01-22,Sci-Fi Novel,Books & Stationery,West,Online,2,14.33,28.66,CUST-1238
ORD-100534,2025-02-22,Robotic Vacuum,Home & Kitchen,West,Affiliate,1,277.52,277.52,CUST-1316
ORD-100535,2025-01-15,Coffee Maker,Home & Kitchen,West,In-Store,2,82.11,164.22,CUST-1127
ORD-100536,2025-02-01,Desk Organizer,Books & Stationery,West,Wholesale,18,25.97,467.46,CUST-1345
ORD-100537,2024-10-10,Running Shoes,Fashion,West,Affiliate,1,96.93,96.93,CUST-1044
ORD-100538,2026-02-14,Hiking Backpack,Sports & Outdoors,North,In-Store,2,81.38,162.76,CUST-1229
ORD-100539,2025-10-19,Perfume,Beauty & Personal Care,South,Wholesale,59,61.15,3607.85,CUST-1150
ORD-100540,2025-03-28,Casual T-Shirt,Fashion,West,In-Store,2,24.3,48.6,CUST-1105
ORD-100541,2024-05-25,Designer Jeans,Fashion,West,Online,4,86.16,344.64,CUST-1322
ORD-100542,2024-04-15,Smartphone,Electronics,North,In-Store,1,732.42,732.42,CUST-1213
ORD-100543,2025-06-17,Smartphone,Electronics,East,Online,5,738.22,3691.1,CUST-1002
ORD-100544,2025-01-27,Leather Journal,Books & Stationery,East,Affiliate,1,24.3,24.3,CUST-1082
ORD-100545,2024-05-04,Dumbbells,Sports & Outdoors,South,Online,2,54.4,108.8,CUST-1024
ORD-100546,2025-05-08,Winter Coat,Fashion,North,Online,1,135.0,135.0,CUST-1047
ORD-100547,2026-01-07,Blender,Home & Kitchen,South,Affiliate,1,66.59,66.59,CUST-1381
ORD-100548,2025-07-29,Laptop,Electronics,East,Online,2,992.68,1985.36,CUST-1017
ORD-100549,2025-04-27,Winter Coat,Fashion,East,Online,1,169.07,169.07,CUST-1075
ORD-100550,2025-11-30,Self-Help Best Seller,Books & Stationery,East,In-Store,1,15.49,15.49,CUST-1262
ORD-100551,2025-12-03,Desk Organizer,Books & Stationery,South,Online,1,29.25,29.25,CUST-1375
ORD-100552,2026-04-16,Sunglasses,Fashion,North,In-Store,1,63.49,63.49,CUST-1150
ORD-100553,2025-02-03,Makeup Kit,Beauty & Personal Care,North,In-Store,2,55.84,111.68,CUST-1274
ORD-100554,2025-04-05,Essential Oil Diffuser,Beauty & Personal Care,North,Online,1,34.1,34.1,CUST-1163
ORD-100555,2024-08-11,Makeup Kit,Beauty & Personal Care,East,In-Store,1,57.69,57.69,CUST-1317
ORD-100556,2024-08-08,Fitness Tracker,Sports & Outdoors,North,Online,2,59.35,118.7,CUST-1069
ORD-100557,2024-04-25,Smartphone,Electronics,West,Online,1,767.3,767.3,CUST-1342
ORD-100558,2025-09-29,Self-Help Best Seller,Books & Stationery,West,Online,5,15.27,76.35,CUST-1105
ORD-100559,2024-05-26,Winter Coat,Fashion,East,In-Store,4,147.58,590.32,CUST-1338
ORD-100560,2025-08-29,Running Shoes,Fashion,South,In-Store,2,102.33,204.66,CUST-1351
ORD-100561,2024-05-23,Essential Oil Diffuser,Beauty & Personal Care,East,In-Store,3,27.78,83.34,CUST-1366
ORD-100562,2024-11-01,Smart TV,Electronics,West,Online,1,624.6,624.6,CUST-1105
ORD-100563,2025-12-11,Fitness Tracker,Sports & Outdoors,East,Affiliate,2,51.82,103.64,CUST-1194
ORD-100564,2024-01-12,Air Fryer,Home & Kitchen,North,In-Store,2,118.31,236.62,CUST-1029
ORD-100565,2025-08-18,Bluetooth Speaker,Electronics,South,Online,2,69.27,138.54,CUST-1360
ORD-100566,2025-01-08,Perfume,Beauty & Personal Care,West,In-Store,1,78.17,78.17,CUST-1335
ORD-100567,2024-06-10,Laptop,Electronics,North,Online,1,941.13,941.13,CUST-1351
ORD-100568,2025-05-19,Fitness Tracker,Sports & Outdoors,East,In-Store,1,73.31,73.31,CUST-1385
ORD-100569,2025-11-01,Casual T-Shirt,Fashion,North,In-Store,2,28.05,56.1,CUST-1279
ORD-100570,2025-09-13,Winter Coat,Fashion,South,Online,1,170.0,170.0,CUST-1035
ORD-100571,2025-11-15,Sci-Fi Novel,Books & Stationery,North,Online,3,18.39,55.17,CUST-1147
ORD-100572,2025-06-13,Essential Oil Diffuser,Beauty & Personal Care,North,In-Store,2,25.81,51.62,CUST-1230
ORD-100573,2025-12-18,Bluetooth Speaker,Electronics,North,Online,1,76.74,76.74,CUST-1043
ORD-100574,2025-05-09,Camping Tent,Sports & Outdoors,East,Online,3,149.09,447.27,CUST-1378
ORD-100575,2024-07-24,Bluetooth Speaker,Electronics,North,In-Store,1,74.23,74.23,CUST-1189
ORD-100576,2024-09-07,Hiking Backpack,Sports & Outdoors,North,Online,2,96.95,193.9,CUST-1277
ORD-100577,2026-04-16,Smart TV,Electronics,East,Online,3,615.74,1847.22,CUST-1053
ORD-100578,2024-12-09,Self-Help Best Seller,Books & Stationery,West,In-Store,3,15.52,46.56,CUST-1057
ORD-100579,2025-03-12,Laptop,Electronics,South,In-Store,2,967.24,1934.48,CUST-1160
ORD-100580,2025-12-09,Robotic Vacuum,Home & Kitchen,North,Online,3,284.66,853.98,CUST-1242
ORD-100581,2025-11-15,Cookware Set,Home & Kitchen,North,Online,2,146.94,293.88,CUST-1364
ORD-100582,2026-05-03,Camping Tent,Sports & Outdoors,East,Online,2,161.4,322.8,CUST-1136
ORD-100583,2024-01-20,Robotic Vacuum,Home & Kitchen,East,Online,2,273.7,547.4,CUST-1010
ORD-100584,2026-03-16,Ergonomic Chair,Home & Kitchen,South,In-Store,1,192.61,192.61,CUST-1354
ORD-100585,2024-08-19,Dumbbells,Sports & Outdoors,East,In-Store,2,57.33,114.66,CUST-1395
ORD-100586,2025-10-13,Blender,Home & Kitchen,South,In-Store,4,68.22,272.88,CUST-1268
ORD-100587,2025-08-23,Leather Journal,Books & Stationery,West,Online,3,29.66,88.98,CUST-1365
ORD-100588,2025-09-25,Leather Journal,Books & Stationery,East,Online,2,22.5,45.0,CUST-1312
ORD-100589,2025-06-24,Air Fryer,Home & Kitchen,South,Online,2,105.17,210.34,CUST-1207
ORD-100590,2026-01-19,Perfume,Beauty & Personal Care,West,Affiliate,1,63.44,63.44,CUST-1046
ORD-100591,2024-06-29,Camping Tent,Sports & Outdoors,East,Online,3,133.68,401.04,CUST-1336
ORD-100592,2025-12-22,Leather Jacket,Fashion,West,In-Store,2,163.11,326.22,CUST-1307
ORD-100593,2025-11-03,Makeup Kit,Beauty & Personal Care,North,In-Store,2,49.24,98.48,CUST-1259
ORD-100594,2025-05-27,Designer Jeans,Fashion,West,Online,3,81.96,245.88,CUST-1243
ORD-100595,2025-09-26,Leather Journal,Books & Stationery,West,Wholesale,49,20.36,997.64,CUST-1046
ORD-100596,2026-02-01,Water Bottle,Sports & Outdoors,West,Online,2,15.8,31.6,CUST-1131
ORD-100597,2025-06-25,Coffee Maker,Home & Kitchen,South,Online,1,92.59,92.59,CUST-1254
ORD-100598,2025-03-30,Leather Jacket,Fashion,North,Online,2,198.54,397.08,CUST-1151
ORD-100599,2025-08-20,Winter Coat,Fashion,North,Wholesale,24,150.27,3606.48,CUST-1228
ORD-100600,2024-06-03,Smartwatch,Electronics,East,Online,2,204.3,408.6,CUST-1116
ORD-100601,2024-09-27,Makeup Kit,Beauty & Personal Care,East,Online,2,47.08,94.16,CUST-1185
ORD-100602,2024-12-29,Running Shoes,Fashion,South,Online,2,114.78,229.56,CUST-1021
ORD-100603,2024-05-13,Designer Jeans,Fashion,North,Online,5,88.9,444.5,CUST-1397
ORD-100604,2025-11-09,Hiking Backpack,Sports & Outdoors,North,Online,3,88.76,266.28,CUST-1214
ORD-100605,2025-04-24,Coffee Maker,Home & Kitchen,South,Online,2,90.85,181.7,CUST-1366
ORD-100606,2025-01-21,Water Bottle,Sports & Outdoors,South,Online,4,18.86,75.44,CUST-1348
ORD-100607,2025-06-03,Sunglasses,Fashion,East,Online,1,64.22,64.22,CUST-1342
ORD-100608,2024-01-16,Smartphone,Electronics,North,Online,1,725.8,725.8,CUST-1101
ORD-100609,2024-08-13,Bluetooth Speaker,Electronics,South,Affiliate,3,69.01,207.03,CUST-1368
ORD-100610,2024-11-01,Smartphone,Electronics,West,In-Store,1,712.32,712.32,CUST-1278
ORD-100611,2024-06-19,Essential Oil Diffuser,Beauty & Personal Care,South,Online,2,25.46,50.92,CUST-1145
ORD-100612,2024-11-10,Smartphone,Electronics,East,In-Store,2,764.17,1528.34,CUST-1219
ORD-100613,2025-04-25,Laptop,Electronics,South,In-Store,3,904.13,2712.39,CUST-1093
ORD-100614,2025-03-04,Smartphone,Electronics,East,Online,2,717.89,1435.78,CUST-1300
ORD-100615,2025-01-04,Water Bottle,Sports & Outdoors,North,In-Store,3,17.8,53.4,CUST-1308
ORD-100616,2025-01-08,Makeup Kit,Beauty & Personal Care,North,Online,5,55.79,278.95,CUST-1150
ORD-100617,2026-04-29,Fitness Tracker,Sports & Outdoors,East,Online,2,62.59,125.18,CUST-1179
ORD-100618,2024-09-09,Hair Dryer,Beauty & Personal Care,East,Online,2,76.69,153.38,CUST-1332
ORD-100619,2025-09-29,Desk Organizer,Books & Stationery,West,Affiliate,1,31.74,31.74,CUST-1213
ORD-100620,2024-03-25,Skincare Gift Set,Beauty & Personal Care,South,Online,2,48.17,96.34,CUST-1362
ORD-100621,2024-12-17,Coffee Maker,Home & Kitchen,North,In-Store,1,91.5,91.5,CUST-1346
ORD-100622,2026-03-23,Blender,Home & Kitchen,South,Online,2,57.09,114.18,CUST-1346
ORD-100623,2026-04-04,Hair Dryer,Beauty & Personal Care,North,Online,1,65.39,65.39,CUST-1100
ORD-100624,2026-01-27,Smartphone,Electronics,North,Online,2,751.36,1502.72,CUST-1330
ORD-100625,2024-09-05,Sci-Fi Novel,Books & Stationery,South,Affiliate,1,14.9,14.9,CUST-1354
ORD-100626,2024-08-12,Designer Jeans,Fashion,West,In-Store,4,87.22,348.88,CUST-1152
ORD-100627,2025-03-04,Fountain Pen,Books & Stationery,West,In-Store,3,41.75,125.25,CUST-1210
ORD-100628,2025-05-13,Smart TV,Electronics,North,Online,1,616.36,616.36,CUST-1033
ORD-100629,2024-12-10,Sci-Fi Novel,Books & Stationery,West,Wholesale,57,13.22,753.54,CUST-1038
ORD-100630,2024-10-13,Leather Journal,Books & Stationery,West,Online,1,22.13,22.13,CUST-1014
ORD-100631,2025-05-30,Bluetooth Speaker,Electronics,West,Online,1,75.96,75.96,CUST-1376
ORD-100632,2026-03-30,Makeup Kit,Beauty & Personal Care,East,In-Store,4,62.14,248.56,CUST-1108
ORD-100633,2024-11-25,Wireless Headphones,Electronics,South,Online,1,130.97,130.97,CUST-1266
ORD-100634,2024-10-24,Makeup Kit,Beauty & Personal Care,West,Online,4,55.99,223.96,CUST-1072
ORD-100635,2024-11-03,Desk Organizer,Books & Stationery,West,Wholesale,35,23.03,806.05,CUST-1150
ORD-100636,2025-10-30,Cookware Set,Home & Kitchen,North,Online,1,150.62,150.62,CUST-1182
ORD-100637,2024-07-27,Bluetooth Speaker,Electronics,West,Online,2,68.55,137.1,CUST-1185
ORD-100638,2024-04-08,Desk Organizer,Books & Stationery,East,Online,1,32.44,32.44,CUST-1381
ORD-100639,2025-01-18,Smartphone,Electronics,West,Wholesale,28,662.57,18551.96,CUST-1357
ORD-100640,2025-09-03,Air Fryer,Home & Kitchen,East,Online,3,91.86,275.58,CUST-1209
ORD-100641,2026-01-01,Coffee Maker,Home & Kitchen,North,Wholesale,41,77.27,3168.07,CUST-1009
ORD-100642,2025-06-29,Self-Help Best Seller,Books & Stationery,North,Online,1,22.55,22.55,CUST-1173
ORD-100643,2024-05-31,Ergonomic Chair,Home & Kitchen,East,Online,1,195.59,195.59,CUST-1089
ORD-100644,2025-11-18,Fountain Pen,Books & Stationery,West,Online,3,46.23,138.69,CUST-1326
ORD-100645,2025-09-12,Desk Organizer,Books & Stationery,East,Online,1,31.24,31.24,CUST-1282
ORD-100646,2024-01-01,Desk Organizer,Books & Stationery,East,Wholesale,47,22.9,1076.3,CUST-1177
ORD-100647,2025-11-29,Wireless Headphones,Electronics,West,Wholesale,49,123.97,6074.53,CUST-1115
ORD-100648,2024-09-26,Perfume,Beauty & Personal Care,North,Online,1,70.88,70.88,CUST-1337
ORD-100649,2024-02-19,Winter Coat,Fashion,South,In-Store,1,147.48,147.48,CUST-1386
ORD-100650,2025-12-02,Laptop,Electronics,West,In-Store,5,977.54,4887.7,CUST-1371
ORD-100651,2026-01-22,Winter Coat,Fashion,South,Online,2,142.77,285.54,CUST-1191
ORD-100652,2026-02-03,Fountain Pen,Books & Stationery,North,Online,4,34.99,139.96,CUST-1093
ORD-100653,2024-04-02,Perfume,Beauty & Personal Care,North,Wholesale,57,71.84,4094.88,CUST-1272
ORD-100654,2026-04-27,Sunglasses,Fashion,South,In-Store,1,65.38,65.38,CUST-1324
ORD-100655,2025-06-11,Air Fryer,Home & Kitchen,North,Online,1,107.11,107.11,CUST-1264
ORD-100656,2026-04-11,Self-Help Best Seller,Books & Stationery,South,In-Store,4,16.33,65.32,CUST-1326
ORD-100657,2024-04-06,Fitness Tracker,Sports & Outdoors,East,Online,2,57.26,114.52,CUST-1283
ORD-100658,2024-04-15,Fitness Tracker,Sports & Outdoors,West,Online,3,79.82,239.46,CUST-1055
ORD-100659,2025-09-16,Winter Coat,Fashion,North,In-Store,3,147.05,441.15,CUST-1078
ORD-100660,2025-05-13,Self-Help Best Seller,Books & Stationery,West,Affiliate,2,19.27,38.54,CUST-1105
ORD-100661,2025-04-14,Designer Jeans,Fashion,North,Wholesale,57,83.06,4734.42,CUST-1284
ORD-100662,2025-04-18,Robotic Vacuum,Home & Kitchen,West,Wholesale,34,253.04,8603.36,CUST-1327
ORD-100663,2025-01-03,Ergonomic Chair,Home & Kitchen,East,Online,1,207.77,207.77,CUST-1021
ORD-100664,2025-02-16,Air Fryer,Home & Kitchen,North,Affiliate,1,106.1,106.1,CUST-1246
ORD-100665,2024-05-01,Leather Journal,Books & Stationery,West,Online,2,28.43,56.86,CUST-1056
ORD-100666,2026-03-30,Perfume,Beauty & Personal Care,North,Affiliate,1,63.55,63.55,CUST-1015
ORD-100667,2025-05-06,Self-Help Best Seller,Books & Stationery,North,Wholesale,57,16.22,924.54,CUST-1272
ORD-100668,2025-11-29,Water Bottle,Sports & Outdoors,East,Wholesale,59,15.16,894.44,CUST-1205
ORD-100669,2025-08-12,Coffee Maker,Home & Kitchen,North,Online,3,83.34,250.02,CUST-1149
ORD-100670,2026-03-10,Smartwatch,Electronics,South,Online,1,205.9,205.9,CUST-1044
ORD-100671,2024-04-06,Casual T-Shirt,Fashion,West,Affiliate,3,29.55,88.65,CUST-1035
ORD-100672,2025-09-12,Air Fryer,Home & Kitchen,South,In-Store,1,111.17,111.17,CUST-1086
ORD-100673,2026-03-16,Sci-Fi Novel,Books & Stationery,East,In-Store,2,15.05,30.1,CUST-1096
ORD-100674,2024-06-17,Coffee Maker,Home & Kitchen,South,Affiliate,3,92.5,277.5,CUST-1060
ORD-100675,2024-09-26,Self-Help Best Seller,Books & Stationery,South,In-Store,2,16.18,32.36,CUST-1208
ORD-100676,2024-04-06,Running Shoes,Fashion,West,In-Store,2,109.27,218.54,CUST-1061
ORD-100677,2025-10-28,Fountain Pen,Books & Stationery,South,Online,2,46.01,92.02,CUST-1012
ORD-100678,2024-09-27,Dumbbells,Sports & Outdoors,South,Online,1,36.8,36.8,CUST-1100
ORD-100679,2024-06-24,Leather Journal,Books & Stationery,West,Online,2,20.8,41.6,CUST-1215
ORD-100680,2024-08-16,Smartphone,Electronics,North,Online,1,712.31,712.31,CUST-1305
ORD-100681,2025-01-02,Running Shoes,Fashion,South,Wholesale,38,82.62,3139.56,CUST-1073
ORD-100682,2025-07-07,Water Bottle,Sports & Outdoors,North,Online,3,20.98,62.94,CUST-1222
ORD-100683,2025-02-07,Robotic Vacuum,Home & Kitchen,East,Online,1,252.47,252.47,CUST-1246
ORD-100684,2025-06-14,Designer Jeans,Fashion,South,Affiliate,2,93.82,187.64,CUST-1180
ORD-100685,2024-05-10,Running Shoes,Fashion,North,,1,107.06,107.06,CUST-1130
ORD-100686,2025-10-27,Robotic Vacuum,Home & Kitchen,South,In-Store,3,289.55,868.65,CUST-1399
ORD-100687,2026-04-09,Smart TV,Electronics,South,In-Store,2,600.99,1201.98,CUST-1156
ORD-100688,2025-05-01,Yoga Mat,Sports & Outdoors,South,Online,1,28.28,28.28,CUST-1025
ORD-100689,2024-04-30,Robotic Vacuum,Home & Kitchen,South,Affiliate,2,276.56,553.12,CUST-1285
ORD-100690,2025-07-09,Bluetooth Speaker,Electronics,South,Online,1,72.36,72.36,CUST-1303
ORD-100691,2025-07-31,Skincare Gift Set,Beauty & Personal Care,West,In-Store,4,56.77,227.08,CUST-1045
ORD-100692,2024-11-17,Dumbbells,Sports & Outdoors,South,Affiliate,2,49.33,98.66,CUST-1191
ORD-100693,2024-12-21,Fitness Tracker,Sports & Outdoors,South,Online,1,74.46,74.46,CUST-1047
ORD-100694,2024-01-19,Cookware Set,Home & Kitchen,West,Online,2,123.52,247.04,CUST-1142
ORD-100695,2025-08-03,Perfume,Beauty & Personal Care,East,Online,1,63.56,63.56,CUST-1327
ORD-100696,2025-02-25,Casual T-Shirt,Fashion,South,Online,2,24.34,48.68,CUST-1293
ORD-100697,2024-12-29,Designer Jeans,Fashion,North,Online,1,96.42,96.42,CUST-1370
ORD-100698,2026-02-07,Camping Tent,Sports & Outdoors,South,In-Store,4,139.97,559.88,CUST-1337
ORD-100699,2024-07-15,Yoga Mat,Sports & Outdoors,South,Online,2,35.81,71.62,CUST-1382
ORD-100700,2025-10-13,Running Shoes,Fashion,West,Online,3,94.08,282.24,CUST-1007
ORD-100701,2026-03-14,Water Bottle,Sports & Outdoors,South,In-Store,3,21.57,64.71,CUST-1235
ORD-100702,2024-11-01,Yoga Mat,Sports & Outdoors,South,Wholesale,58,25.42,1474.36,CUST-1085
ORD-100703,2025-03-21,Winter Coat,Fashion,South,Online,1,157.63,157.63,CUST-1119
ORD-100704,2025-12-12,Sci-Fi Novel,Books & Stationery,East,Online,2,14.68,29.36,CUST-1219
ORD-100705,2026-04-04,Camping Tent,Sports & Outdoors,South,Wholesale,56,120.44,6744.64,CUST-1031
ORD-100706,2026-01-15,Coffee Maker,Home & Kitchen,West,Wholesale,43,74.83,3217.69,CUST-1286
ORD-100707,2025-07-29,Bluetooth Speaker,Electronics,East,Online,1,65.01,65.01,CUST-1290
ORD-100708,2025-03-10,Self-Help Best Seller,Books & Stationery,West,In-Store,4,17.65,70.6,CUST-1308
ORD-100709,2024-12-08,Coffee Maker,Home & Kitchen,West,In-Store,1,99.39,99.39,CUST-1088
ORD-100710,2024-07-28,Essential Oil Diffuser,Beauty & Personal Care,East,Online,1,27.0,27.0,CUST-1279
ORD-100711,2025-06-29,Designer Jeans,Fashion,South,In-Store,1,90.94,90.94,CUST-1284
ORD-100712,2024-09-15,Coffee Maker,Home & Kitchen,West,Affiliate,3,90.28,270.84,CUST-1081
ORD-100713,2024-09-14,Hair Dryer,Beauty & Personal Care,West,Online,2,75.52,151.04,CUST-1187
ORD-100714,2024-11-24,Perfume,Beauty & Personal Care,South,In-Store,1,79.45,79.45,CUST-1365
ORD-100715,2026-01-29,Hiking Backpack,Sports & Outdoors,West,Online,1,79.02,79.02,CUST-1387
ORD-100716,2024-01-11,Perfume,Beauty & Personal Care,North,Online,1,89.86,89.86,CUST-1218
ORD-100717,2025-05-01,Ergonomic Chair,Home & Kitchen,West,Wholesale,45,185.67,8355.15,CUST-1308
ORD-100718,2026-05-23,Camping Tent,Sports & Outdoors,West,Online,2,178.99,357.98,CUST-1324
ORD-100719,2026-01-25,Cookware Set,Home & Kitchen,South,In-Store,4,159.07,636.28,CUST-1367
ORD-100720,2025-07-23,Winter Coat,Fashion,North,Online,2,143.77,287.54,CUST-1100
ORD-100721,2025-11-13,Smartwatch,Electronics,North,Online,1,215.51,215.51,CUST-1395
ORD-100722,2026-04-27,Yoga Mat,Sports & Outdoors,South,Wholesale,17,26.41,448.97,CUST-1008
ORD-100723,2025-05-24,Laptop,Electronics,West,Online,1,975.61,975.61,CUST-1206
ORD-100724,2024-01-28,Fitness Tracker,Sports & Outdoors,South,Online,2,58.99,117.98,CUST-1272
ORD-100725,2026-05-05,Ergonomic Chair,Home & Kitchen,East,Online,1,224.21,224.21,CUST-1149
ORD-100726,2024-05-11,Smartphone,Electronics,South,Affiliate,1,750.45,750.45,CUST-1381
ORD-100727,2024-08-26,Blender,Home & Kitchen,West,Online,1,60.03,60.03,CUST-1184
ORD-100728,2025-06-22,Dumbbells,Sports & Outdoors,West,In-Store,2,44.64,89.28,CUST-1113
ORD-100729,2026-01-23,Smartphone,Electronics,West,In-Store,4,754.96,3019.84,CUST-1185
ORD-100730,2026-05-04,Fitness Tracker,Sports & Outdoors,North,Online,2,59.33,118.66,CUST-1332
ORD-100731,2025-02-06,Winter Coat,Fashion,West,In-Store,5,136.44,682.2,CUST-1299
ORD-100732,2024-01-07,Makeup Kit,Beauty & Personal Care,South,Online,5,53.51,267.55,CUST-1041
ORD-100733,2024-10-23,Hair Dryer,Beauty & Personal Care,South,Online,3,63.8,191.4,CUST-1391
ORD-100734,2026-01-12,Sci-Fi Novel,Books & Stationery,North,Online,3,17.59,52.77,CUST-1184
ORD-100735,2025-07-27,Essential Oil Diffuser,Beauty & Personal Care,West,In-Store,1,25.26,25.26,CUST-1096
ORD-100736,2025-03-21,Smartphone,Electronics,South,In-Store,4,747.69,2990.76,CUST-1070
ORD-100737,2024-08-06,Desk Organizer,Books & Stationery,South,Wholesale,19,25.09,476.71,CUST-1119
ORD-100738,2026-02-27,Leather Journal,Books & Stationery,West,In-Store,2,22.78,45.56,CUST-1276
ORD-100739,2024-08-14,Air Fryer,Home & Kitchen,South,Online,1,103.18,103.18,CUST-1171
ORD-100740,2024-07-02,Fountain Pen,Books & Stationery,North,,1,35.16,35.16,CUST-1321
ORD-100741,2024-04-27,Leather Jacket,Fashion,North,Online,1,197.11,197.11,CUST-1062
ORD-100742,2025-07-27,Bluetooth Speaker,Electronics,North,Affiliate,1,79.9,79.9,CUST-1038
ORD-100743,2025-07-01,Dumbbells,Sports & Outdoors,South,Online,2,38.22,76.44,CUST-1195
ORD-100744,2024-11-02,Hair Dryer,Beauty & Personal Care,East,In-Store,1,52.71,52.71,CUST-1343
ORD-100745,2025-12-15,Smart TV,Electronics,West,Online,1,617.34,617.34,CUST-1187
ORD-100746,2025-02-22,Cookware Set,Home & Kitchen,North,Online,3,152.39,457.17,CUST-1009
ORD-100747,2024-02-16,Desk Organizer,Books & Stationery,West,Affiliate,2,30.12,60.24,CUST-1017
ORD-100748,2025-11-09,Sunglasses,Fashion,East,In-Store,1,63.49,63.49,CUST-1037
ORD-100749,2025-05-25,Smartwatch,Electronics,East,Affiliate,1,206.21,206.21,CUST-1219
ORD-100750,2025-04-12,Smartphone,Electronics,East,Online,1,732.09,732.09,CUST-1303
ORD-100751,2025-02-07,Yoga Mat,Sports & Outdoors,North,Online,4,30.29,121.16,CUST-1107
ORD-100752,2024-06-26,Fitness Tracker,Sports & Outdoors,South,Online,2,65.41,130.82,CUST-1121
ORD-100753,2024-01-17,Leather Journal,Books & Stationery,West,Online,2,27.15,54.3,CUST-1161
ORD-100754,2025-12-10,Hair Dryer,Beauty & Personal Care,South,Wholesale,28,49.59,1388.52,CUST-1325
ORD-100755,2025-11-20,Blender,Home & Kitchen,South,Online,1,52.67,52.67,CUST-1092
ORD-100756,2025-11-18,Hair Dryer,Beauty & Personal Care,East,In-Store,1,53.76,53.76,CUST-1210
ORD-100757,2024-11-20,Wireless Headphones,Electronics,North,Online,5,140.17,700.85,CUST-1258
ORD-100758,2024-11-19,Fountain Pen,Books & Stationery,West,Online,1,35.33,35.33,CUST-1301
ORD-100759,2026-04-25,Leather Journal,Books & Stationery,North,Online,3,21.82,65.46,CUST-1248
ORD-100760,2025-08-11,Fitness Tracker,Sports & Outdoors,South,Online,1,70.79,70.79,CUST-1322
ORD-100761,2024-08-14,Water Bottle,Sports & Outdoors,East,Online,1,21.92,21.92,CUST-1267
ORD-100762,2024-12-18,Smartwatch,Electronics,North,Online,1,228.4,228.4,CUST-1217
ORD-100763,2024-04-26,Leather Jacket,Fashion,East,Online,1,185.71,185.71,CUST-1326
ORD-100764,2025-03-22,Yoga Mat,Sports & Outdoors,West,Online,1,25.78,25.78,CUST-1144
ORD-100765,2024-03-31,Self-Help Best Seller,Books & Stationery,West,Online,2,22.19,44.38,CUST-1348
ORD-100766,2025-08-06,Yoga Mat,Sports & Outdoors,East,Online,3,31.87,95.61,CUST-1373
ORD-100767,2026-01-24,Leather Jacket,Fashion,West,In-Store,1,171.59,171.59,CUST-1309
ORD-100768,2024-12-23,Camping Tent,Sports & Outdoors,North,Online,4,161.68,646.72,CUST-1091
ORD-100769,2024-06-29,Water Bottle,Sports & Outdoors,South,In-Store,1,15.74,15.74,CUST-1006
ORD-100770,2024-07-05,Sci-Fi Novel,Books & Stationery,South,Affiliate,2,18.65,37.3,CUST-1047
ORD-100771,2024-12-16,Perfume,Beauty & Personal Care,East,Affiliate,1,65.11,65.11,CUST-1063
ORD-100772,2024-04-06,Self-Help Best Seller,Books & Stationery,North,Wholesale,45,13.25,596.25,CUST-1101
ORD-100773,2024-02-15,Hiking Backpack,Sports & Outdoors,East,In-Store,1,90.42,90.42,CUST-1158
ORD-100774,2024-10-07,Ergonomic Chair,Home & Kitchen,East,Online,3,209.41,628.23,CUST-1068
ORD-100775,2026-02-15,Dumbbells,Sports & Outdoors,South,Online,1,58.2,58.2,CUST-1084
ORD-100776,2024-02-18,Wireless Headphones,Electronics,South,Wholesale,35,118.62,4151.7,CUST-1345
ORD-100777,2024-08-17,Casual T-Shirt,Fashion,East,Online,1,21.24,21.24,CUST-1258
ORD-100778,2024-07-26,Cookware Set,Home & Kitchen,East,Wholesale,52,131.55,6840.6,CUST-1173
ORD-100779,2026-02-14,Bluetooth Speaker,Electronics,South,Online,4,73.42,293.68,CUST-1340
ORD-100780,2024-09-20,Winter Coat,Fashion,North,In-Store,2,151.89,303.78,CUST-1093
ORD-100781,2025-05-16,Fitness Tracker,Sports & Outdoors,North,Online,2,55.67,111.34,CUST-1231
ORD-100782,2024-04-02,Dumbbells,Sports & Outdoors,North,Online,1,40.06,40.06,CUST-1090
ORD-100783,2025-06-24,Air Fryer,Home & Kitchen,West,In-Store,2,108.76,217.52,CUST-1041
ORD-100784,2025-10-08,Wireless Headphones,Electronics,South,In-Store,4,143.87,575.48,CUST-1128
ORD-100785,2025-08-21,Yoga Mat,Sports & Outdoors,East,In-Store,1,26.57,26.57,CUST-1052
ORD-100786,2025-07-31,Leather Jacket,Fashion,North,Online,5,152.8,764.0,CUST-1211
ORD-100787,2025-07-30,Air Fryer,Home & Kitchen,North,In-Store,1,90.98,90.98,CUST-1045
ORD-100788,2026-04-02,Desk Organizer,Books & Stationery,North,Online,1,25.47,25.47,CUST-1034
ORD-100789,2025-06-19,Air Fryer,Home & Kitchen,East,Online,2,97.59,195.18,CUST-1266
ORD-100790,2025-12-05,Robotic Vacuum,Home & Kitchen,East,Online,1,272.39,272.39,CUST-1102
ORD-100791,2024-10-23,Blender,Home & Kitchen,North,Wholesale,51,46.89,2391.39,CUST-1175
ORD-100792,2025-08-13,Fitness Tracker,Sports & Outdoors,West,Online,2,63.58,127.16,CUST-1187
ORD-100793,2024-02-25,Desk Organizer,Books & Stationery,North,In-Store,2,26.43,52.86,CUST-1324
ORD-100794,2025-10-01,Cookware Set,Home & Kitchen,North,In-Store,1,127.88,127.88,CUST-1179
ORD-100795,2024-06-29,Laptop,Electronics,North,Online,1,953.72,953.72,CUST-1046
ORD-100796,2024-02-08,Casual T-Shirt,Fashion,West,In-Store,3,24.3,72.9,CUST-1048
ORD-100797,2024-04-10,Fountain Pen,Books & Stationery,South,In-Store,1,43.7,43.7,CUST-1001
ORD-100798,2026-01-24,Cookware Set,Home & Kitchen,West,In-Store,2,152.67,305.34,CUST-1246
ORD-100799,2024-01-12,Laptop,Electronics,South,Affiliate,5,993.61,4968.05,CUST-1361
ORD-100800,2025-10-10,Fitness Tracker,Sports & Outdoors,South,Affiliate,2,76.26,152.52,CUST-1142
ORD-100801,2024-06-05,Makeup Kit,Beauty & Personal Care,North,Online,4,58.53,234.12,CUST-1074
ORD-100802,2025-09-17,Self-Help Best Seller,Books & Stationery,North,In-Store,4,15.85,63.4,CUST-1019
ORD-100803,2025-07-23,Smartwatch,Electronics,East,In-Store,5,203.83,1019.15,CUST-1292
ORD-100804,2025-06-03,Water Bottle,Sports & Outdoors,East,Online,1,16.35,16.35,CUST-1288
ORD-100805,2025-09-29,Sunglasses,Fashion,South,Online,1,73.44,73.44,CUST-1385
ORD-100806,2024-03-02,Yoga Mat,Sports & Outdoors,East,Affiliate,3,35.62,106.86,CUST-1392
ORD-100807,2025-10-03,Smartphone,Electronics,West,In-Store,1,712.03,712.03,CUST-1332
ORD-100808,2025-09-13,Sunglasses,Fashion,West,Online,1,68.32,68.32,CUST-1285
ORD-100809,2024-03-11,Fountain Pen,Books & Stationery,South,In-Store,4,49.91,199.64,CUST-1197
ORD-100810,2026-03-21,Laptop,Electronics,West,In-Store,2,981.35,1962.7,CUST-1145
ORD-100811,2025-08-19,Dumbbells,Sports & Outdoors,North,Online,1,51.08,51.08,CUST-1254
ORD-100812,2025-01-15,Designer Jeans,Fashion,East,Wholesale,39,84.29,3287.31,CUST-1274
ORD-100813,2026-02-11,Blender,Home & Kitchen,South,Online,2,50.39,100.78,CUST-1169
ORD-100814,2025-02-16,Smart TV,Electronics,East,Online,5,622.12,3110.6,CUST-1134
ORD-100815,2025-06-21,Hair Dryer,Beauty & Personal Care,North,In-Store,2,68.83,137.66,CUST-1268
ORD-100816,2025-02-15,Wireless Headphones,Electronics,North,In-Store,1,144.01,144.01,CUST-1038
ORD-100817,2025-10-27,Smartwatch,Electronics,South,Wholesale,52,182.36,9482.72,CUST-1105
ORD-100818,2024-08-03,Smartphone,Electronics,East,Online,1,719.22,719.22,CUST-1149
ORD-100819,2025-10-13,Ergonomic Chair,Home & Kitchen,East,Online,1,207.14,207.14,CUST-1088
ORD-100820,2025-10-14,Casual T-Shirt,Fashion,North,Online,2,23.01,46.02,CUST-1268
ORD-100821,2024-08-13,Running Shoes,Fashion,East,Online,4,105.51,422.04,CUST-1246
ORD-100822,2025-03-07,Blender,Home & Kitchen,North,Online,2,58.59,117.18,CUST-1138
ORD-100823,2024-05-08,Robotic Vacuum,Home & Kitchen,South,Online,2,280.71,561.42,CUST-1292
ORD-100824,2024-06-21,Ergonomic Chair,Home & Kitchen,East,Wholesale,43,184.13,7917.59,CUST-1142
ORD-100825,2026-04-07,Wireless Headphones,Electronics,North,Affiliate,1,137.31,137.31,CUST-1257
ORD-100826,2025-10-25,Fountain Pen,Books & Stationery,North,Online,3,38.15,114.45,CUST-1280
ORD-100827,2024-10-30,Ergonomic Chair,Home & Kitchen,North,In-Store,1,195.44,195.44,CUST-1320
ORD-100828,2025-01-13,Desk Organizer,Books & Stationery,North,In-Store,2,29.83,59.66,CUST-1243
ORD-100829,2024-09-04,Sci-Fi Novel,Books & Stationery,East,Online,2,14.72,29.44,CUST-1215
ORD-100830,2025-11-03,Sci-Fi Novel,Books & Stationery,West,Online,1,18.89,18.89,CUST-1129
ORD-100831,2025-09-08,Casual T-Shirt,Fashion,North,Affiliate,4,28.22,112.88,CUST-1019
ORD-100832,2024-09-11,Camping Tent,Sports & Outdoors,North,In-Store,2,137.52,275.04,CUST-1322
ORD-100833,2026-01-06,Perfume,Beauty & Personal Care,West,Online,5,66.38,331.9,CUST-1331
ORD-100834,2025-08-28,Sci-Fi Novel,Books & Stationery,South,Wholesale,34,11.2,380.8,CUST-1068
ORD-100835,2024-06-09,Sunglasses,Fashion,South,Online,1,66.38,66.38,CUST-1038
ORD-100836,2025-08-23,Desk Organizer,Books & Stationery,South,Online,2,26.28,52.56,CUST-1187
ORD-100837,2025-06-10,Yoga Mat,Sports & Outdoors,South,Online,3,34.58,103.74,CUST-1304
ORD-100838,2024-03-30,Makeup Kit,Beauty & Personal Care,East,Online,3,51.77,155.31,CUST-1150
ORD-100839,2026-01-26,Smart TV,Electronics,North,Online,1,640.72,640.72,CUST-1185
ORD-100840,2025-02-01,Fountain Pen,Books & Stationery,West,Online,2,45.93,91.86,CUST-1237
ORD-100841,2025-06-13,Smart TV,Electronics,South,In-Store,1,646.72,646.72,CUST-1119
ORD-100842,2025-09-04,Smartphone,Electronics,West,Affiliate,1,797.82,797.82,CUST-1217
ORD-100843,2025-03-20,Wireless Headphones,Electronics,West,Online,1,140.87,140.87,CUST-1020
ORD-100844,2025-11-20,Smart TV,Electronics,East,In-Store,1,624.87,624.87,CUST-1091
ORD-100845,2025-03-12,Robotic Vacuum,Home & Kitchen,North,In-Store,4,288.78,1155.12,CUST-1300
ORD-100846,2024-08-13,Hair Dryer,Beauty & Personal Care,South,Wholesale,45,63.36,2851.2,CUST-1314
ORD-100847,2026-03-07,Smartwatch,Electronics,West,Online,1,224.64,224.64,CUST-1190
ORD-100848,2024-07-05,Camping Tent,Sports & Outdoors,North,In-Store,2,137.62,275.24,CUST-1319
ORD-100849,2026-04-19,Winter Coat,Fashion,North,Online,1,132.59,132.59,CUST-1266
ORD-100850,2024-04-09,Fountain Pen,Books & Stationery,East,In-Store,1,33.02,33.02,CUST-1028
ORD-100851,2025-09-17,Camping Tent,Sports & Outdoors,West,Online,4,167.22,668.88,CUST-1278
ORD-100852,2026-04-22,Camping Tent,Sports & Outdoors,North,Online,3,136.49,409.47,CUST-1049
ORD-100853,2024-04-27,Wireless Headphones,Electronics,West,In-Store,1,133.49,133.49,CUST-1077
ORD-100854,2025-02-15,Bluetooth Speaker,Electronics,East,Online,3,74.9,224.7,CUST-1187
ORD-100855,2025-01-06,Casual T-Shirt,Fashion,West,Online,2,28.88,57.76,CUST-1370
ORD-100856,2025-02-22,Leather Jacket,Fashion,East,Online,1,152.63,152.63,CUST-1094
ORD-100857,2025-12-18,Robotic Vacuum,Home & Kitchen,North,Online,3,258.53,775.59,CUST-1336
ORD-100858,2025-04-24,Dumbbells,Sports & Outdoors,North,Online,1,35.54,35.54,CUST-1343
ORD-100859,2024-09-18,Hair Dryer,Beauty & Personal Care,East,In-Store,1,79.99,79.99,CUST-1320
ORD-100860,2024-09-30,Wireless Headphones,Electronics,West,Online,4,131.44,525.76,CUST-1394
ORD-100861,2025-04-14,Water Bottle,Sports & Outdoors,East,Online,2,24.26,48.52,CUST-1279
ORD-100862,2025-10-09,Perfume,Beauty & Personal Care,East,Affiliate,1,72.02,72.02,CUST-1353
ORD-100863,2024-10-12,Designer Jeans,Fashion,East,In-Store,1,95.6,95.6,CUST-1189
ORD-100864,2026-05-20,Sci-Fi Novel,Books & Stationery,West,Online,1,13.72,13.72,CUST-1006
ORD-100865,2026-04-14,Camping Tent,Sports & Outdoors,East,In-Store,2,188.31,376.62,CUST-1322
ORD-100866,2025-12-01,Self-Help Best Seller,Books & Stationery,South,In-Store,2,19.34,38.68,CUST-1040
ORD-100867,2026-03-26,Smartphone,Electronics,,Online,1,709.13,709.13,CUST-1335
ORD-100868,2025-06-22,Hiking Backpack,Sports & Outdoors,West,In-Store,3,71.11,213.33,CUST-1239
ORD-100869,2025-01-28,Fountain Pen,Books & Stationery,South,Wholesale,16,28.73,459.68,CUST-1203
ORD-100870,2026-02-01,Water Bottle,Sports & Outdoors,South,Affiliate,1,24.4,24.4,CUST-1224
ORD-100871,2025-12-14,Makeup Kit,Beauty & Personal Care,South,Online,3,58.13,174.39,CUST-1154
ORD-100872,2024-09-13,Smartwatch,Electronics,North,Online,2,228.43,456.86,CUST-1297
ORD-100873,2025-09-01,Coffee Maker,Home & Kitchen,North,Affiliate,2,99.02,198.04,CUST-1322
ORD-100874,2026-02-02,Self-Help Best Seller,Books & Stationery,East,In-Store,1,17.48,17.48,CUST-1162
ORD-100875,2025-07-14,Sci-Fi Novel,Books & Stationery,West,Online,2,15.25,30.5,CUST-1382
ORD-100876,2026-05-27,Dumbbells,Sports & Outdoors,North,Online,1,41.73,41.73,CUST-1204
ORD-100877,2025-02-08,Hair Dryer,Beauty & Personal Care,East,In-Store,2,70.54,141.08,CUST-1312
ORD-100878,2024-08-26,Designer Jeans,Fashion,East,In-Store,4,99.0,396.0,CUST-1176
ORD-100879,2025-03-21,Desk Organizer,Books & Stationery,South,Online,1,30.08,30.08,CUST-1384
ORD-100880,2024-09-09,Desk Organizer,Books & Stationery,North,In-Store,2,27.46,54.92,CUST-1342
ORD-100881,2025-12-08,Sci-Fi Novel,Books & Stationery,North,Online,5,18.87,94.35,CUST-1102
ORD-100882,2025-01-30,Coffee Maker,Home & Kitchen,South,In-Store,2,88.93,177.86,CUST-1332
ORD-100883,2025-03-14,Smartphone,Electronics,North,In-Store,1,724.01,724.01,CUST-1142
ORD-100884,2024-08-10,Smartphone,Electronics,North,Online,4,791.58,3166.32,CUST-1367
ORD-100885,2024-09-26,Perfume,Beauty & Personal Care,North,,4,77.43,309.72,CUST-1388
ORD-100886,2025-10-14,Wireless Headphones,Electronics,East,In-Store,2,134.92,269.84,CUST-1061
ORD-100887,2024-04-18,Winter Coat,Fashion,North,In-Store,2,134.4,268.8,CUST-1336
ORD-100888,2026-03-20,Fountain Pen,Books & Stationery,East,Affiliate,2,36.58,73.16,CUST-1063
ORD-100889,2025-09-26,Sunglasses,Fashion,West,Wholesale,22,66.98,1473.56,CUST-1165
ORD-100890,2025-07-03,Smartphone,Electronics,West,Online,1,704.77,704.77,CUST-1078
ORD-100891,2025-08-07,Yoga Mat,Sports & Outdoors,East,In-Store,5,36.02,180.1,CUST-1115
ORD-100892,2024-06-11,Leather Journal,Books & Stationery,South,Online,3,21.56,64.68,CUST-1381
ORD-100893,2026-05-07,Coffee Maker,Home & Kitchen,West,Online,2,97.62,195.24,CUST-1132
ORD-100894,2026-03-01,Cookware Set,Home & Kitchen,South,In-Store,1,141.17,141.17,CUST-1275
ORD-100895,2025-11-21,Hair Dryer,Beauty & Personal Care,South,Online,1,79.97,79.97,CUST-1053
ORD-100896,2024-02-03,Designer Jeans,Fashion,,Affiliate,1,80.65,80.65,CUST-1188
ORD-100897,2025-10-04,Camping Tent,Sports & Outdoors,West,In-Store,4,188.9,755.6,CUST-1393
ORD-100898,2024-02-14,Hiking Backpack,Sports & Outdoors,East,Affiliate,3,72.11,216.33,CUST-1159
ORD-100899,2024-09-23,Air Fryer,Home & Kitchen,South,In-Store,2,111.41,222.82,CUST-1359
ORD-100900,2024-07-22,Blender,Home & Kitchen,East,Online,5,59.64,298.2,CUST-1271
ORD-100901,2024-07-18,Hiking Backpack,Sports & Outdoors,North,Online,1,82.72,82.72,CUST-1326
ORD-100902,2026-05-27,Smartphone,Electronics,West,Online,1,744.36,744.36,CUST-1126
ORD-100903,2024-08-21,Leather Journal,Books & Stationery,West,Online,1,29.82,29.82,CUST-1227
ORD-100904,2025-06-18,Coffee Maker,Home & Kitchen,West,In-Store,3,98.45,295.35,CUST-1330
ORD-100905,2025-11-01,Sci-Fi Novel,Books & Stationery,East,Affiliate,1,17.47,17.47,CUST-1358
ORD-100906,2024-07-14,Casual T-Shirt,Fashion,North,Affiliate,3,21.86,65.58,CUST-1123
ORD-100907,2025-06-14,Perfume,Beauty & Personal Care,South,Online,1,76.63,76.63,CUST-1025
ORD-100908,2024-11-21,Cookware Set,Home & Kitchen,South,In-Store,1,122.44,122.44,CUST-1112
ORD-100909,2025-08-26,Leather Journal,Books & Stationery,East,In-Store,1,20.85,20.85,CUST-1009
ORD-100910,2025-03-24,Perfume,Beauty & Personal Care,West,Online,1,77.56,77.56,CUST-1286
ORD-100911,2025-04-19,Sci-Fi Novel,Books & Stationery,South,Online,1,14.69,14.69,CUST-1152
ORD-100912,2025-05-28,Makeup Kit,Beauty & Personal Care,West,Online,2,53.11,106.22,CUST-1088
ORD-100913,2025-10-27,Yoga Mat,Sports & Outdoors,West,In-Store,5,26.17,130.85,CUST-1237
ORD-100914,2026-02-22,Makeup Kit,Beauty & Personal Care,East,Wholesale,47,54.82,2576.54,CUST-1065
ORD-100915,2024-07-20,Winter Coat,Fashion,East,In-Store,1,150.51,150.51,CUST-1076
ORD-100916,2025-02-14,Fountain Pen,Books & Stationery,East,Online,1,37.67,37.67,CUST-1190
ORD-100917,2025-04-06,Water Bottle,Sports & Outdoors,West,In-Store,2,24.01,48.02,CUST-1339
ORD-100918,2025-09-24,Leather Jacket,Fashion,West,In-Store,4,162.91,651.64,CUST-1042
ORD-100919,2024-01-23,Bluetooth Speaker,Electronics,North,Online,3,61.13,183.39,CUST-1087
ORD-100920,2025-10-26,Running Shoes,Fashion,South,Online,2,99.16,198.32,CUST-1105
ORD-100921,2025-07-01,Sunglasses,Fashion,West,In-Store,2,52.12,104.24,CUST-1138
ORD-100922,2024-10-18,Bluetooth Speaker,Electronics,South,Online,2,70.48,140.96,CUST-1286
ORD-100923,2026-04-02,Sunglasses,Fashion,,In-Store,2,70.32,140.64,CUST-1322
ORD-100924,2024-02-25,Makeup Kit,Beauty & Personal Care,South,In-Store,4,60.48,241.92,CUST-1070
ORD-100925,2025-08-16,Sunglasses,Fashion,South,Online,1,62.53,62.53,CUST-1132
ORD-100926,2025-01-29,Wireless Headphones,Electronics,West,In-Store,1,136.92,136.92,CUST-1323
ORD-100927,2024-03-22,Smartwatch,Electronics,West,Wholesale,19,181.86,3455.34,CUST-1202
ORD-100928,2024-11-06,Perfume,Beauty & Personal Care,South,Online,1,67.59,67.59,CUST-1320
ORD-100929,2024-06-11,Cookware Set,Home & Kitchen,South,Online,1,147.76,147.76,CUST-1284
ORD-100930,2025-01-21,Coffee Maker,Home & Kitchen,East,Online,1,84.35,84.35,CUST-1025
ORD-100931,2025-01-05,Hair Dryer,Beauty & Personal Care,,In-Store,3,61.46,184.38,CUST-1307
ORD-100932,2024-03-31,Winter Coat,Fashion,North,Online,1,170.89,170.89,CUST-1379
ORD-100933,2024-06-16,Smart TV,Electronics,South,Wholesale,57,528.63,30131.91,CUST-1166
ORD-100934,2025-12-13,Sci-Fi Novel,Books & Stationery,East,Online,3,16.54,49.62,CUST-1164
ORD-100935,2024-05-04,Winter Coat,Fashion,North,In-Store,4,146.86,587.44,CUST-1238
ORD-100936,2025-06-15,Air Fryer,Home & Kitchen,West,Online,2,102.49,204.98,CUST-1088
ORD-100937,2026-05-05,Designer Jeans,Fashion,North,In-Store,4,95.28,381.12,CUST-1124
ORD-100938,2025-08-19,Smartphone,Electronics,East,Online,1,774.75,774.75,CUST-1319
ORD-100939,2025-07-06,Yoga Mat,Sports & Outdoors,South,In-Store,5,27.62,138.1,CUST-1059
ORD-100940,2026-03-27,Dumbbells,Sports & Outdoors,South,In-Store,4,36.6,146.4,CUST-1013
ORD-100941,2024-06-12,Sunglasses,Fashion,West,Wholesale,30,45.37,1361.1,CUST-1203
ORD-100942,2026-03-29,Casual T-Shirt,Fashion,South,In-Store,1,24.52,24.52,CUST-1256
ORD-100943,2026-03-17,Fitness Tracker,Sports & Outdoors,South,In-Store,4,71.87,287.48,CUST-1109
ORD-100944,2025-06-28,Hair Dryer,Beauty & Personal Care,North,Online,2,59.1,118.2,CUST-1270
ORD-100945,2026-01-22,Essential Oil Diffuser,Beauty & Personal Care,South,Online,1,26.47,26.47,CUST-1297
ORD-100946,2024-04-08,Smart TV,Electronics,North,In-Store,1,621.31,621.31,CUST-1197
ORD-100947,2025-06-25,Robotic Vacuum,Home & Kitchen,South,Online,1,290.37,290.37,CUST-1053
ORD-100948,2026-03-03,Desk Organizer,Books & Stationery,East,In-Store,3,30.19,90.57,CUST-1241
ORD-100949,2024-05-09,Sunglasses,Fashion,West,Affiliate,1,78.86,78.86,CUST-1052
ORD-100950,2024-11-20,Running Shoes,Fashion,East,In-Store,1,100.99,100.99,CUST-1276
ORD-100951,2026-04-29,Leather Jacket,Fashion,North,Online,3,154.26,462.78,CUST-1246
ORD-100952,2024-03-08,Desk Organizer,Books & Stationery,West,Online,2,27.26,54.52,CUST-1178
ORD-100953,2026-01-22,Essential Oil Diffuser,Beauty & Personal Care,North,Affiliate,2,32.34,64.68,CUST-1153
ORD-100954,2025-06-14,Leather Jacket,Fashion,East,In-Store,1,176.61,176.61,CUST-1193
ORD-100955,2024-05-23,Essential Oil Diffuser,Beauty & Personal Care,East,In-Store,1,29.27,29.27,CUST-1314
ORD-100956,2024-10-23,Self-Help Best Seller,Books & Stationery,North,Online,1,17.11,17.11,CUST-1131
ORD-100957,2026-04-22,Desk Organizer,Books & Stationery,West,Online,2,28.57,57.14,CUST-1168
ORD-100958,2024-08-26,Self-Help Best Seller,Books & Stationery,East,Wholesale,56,16.03,897.68,CUST-1185
ORD-100959,2024-05-07,Bluetooth Speaker,Electronics,West,In-Store,3,63.98,191.94,CUST-1235
ORD-100960,2026-05-03,Smartwatch,Electronics,South,Affiliate,1,242.56,242.56,CUST-1138
ORD-100961,2024-10-02,Fountain Pen,Books & Stationery,West,Affiliate,2,45.09,90.18,CUST-1046
ORD-100962,2026-01-21,Cookware Set,Home & Kitchen,West,In-Store,1,154.01,154.01,CUST-1072
ORD-100963,2025-05-30,Hair Dryer,Beauty & Personal Care,North,,1,59.61,59.61,CUST-1087
ORD-100964,2025-12-23,Hair Dryer,Beauty & Personal Care,South,Online,1,67.07,67.07,CUST-1057
ORD-100965,2025-12-13,Makeup Kit,Beauty & Personal Care,North,In-Store,1,47.44,47.44,CUST-1140
ORD-100966,2025-10-17,Designer Jeans,Fashion,West,Online,2,89.47,178.94,CUST-1083
ORD-100967,2024-01-16,Cookware Set,Home & Kitchen,South,Affiliate,2,131.7,263.4,CUST-1288
ORD-100968,2025-06-10,Sunglasses,Fashion,South,Affiliate,4,53.78,215.12,CUST-1198
ORD-100969,2024-09-27,Leather Journal,Books & Stationery,East,Online,1,25.46,25.46,CUST-1051
ORD-100970,2024-03-28,Winter Coat,Fashion,West,Online,1,156.82,156.82,CUST-1312
ORD-100971,2024-12-08,Skincare Gift Set,Beauty & Personal Care,South,Online,4,56.09,224.36,CUST-1270
ORD-100972,2025-12-05,Desk Organizer,Books & Stationery,North,Online,3,30.79,92.37,CUST-1110
ORD-100973,2024-11-16,Blender,Home & Kitchen,East,In-Store,1,66.61,66.61,CUST-1270
ORD-100974,2024-03-16,Desk Organizer,Books & Stationery,North,Wholesale,53,23.36,1238.08,CUST-1129
ORD-100975,2024-01-23,Skincare Gift Set,Beauty & Personal Care,East,Online,3,58.04,174.12,CUST-1037
ORD-100976,2025-09-03,Air Fryer,Home & Kitchen,East,Online,1,111.0,111.0,CUST-1109
ORD-100977,2024-07-14,Hiking Backpack,Sports & Outdoors,South,Online,2,89.99,179.98,CUST-1364
ORD-100978,2024-12-29,Self-Help Best Seller,Books & Stationery,West,In-Store,2,22.96,45.92,CUST-1267
ORD-100979,2025-02-08,Smartwatch,Electronics,East,Online,3,246.63,739.89,CUST-1176
ORD-100980,2024-01-14,Wireless Headphones,Electronics,North,Online,2,147.56,295.12,CUST-1008
ORD-100981,2025-09-21,Laptop,Electronics,North,Online,2,924.69,1849.38,CUST-1206
ORD-100982,2026-05-07,Sci-Fi Novel,Books & Stationery,East,Online,1,13.78,13.78,CUST-1385
ORD-100983,2025-12-27,Smartphone,Electronics,South,Online,2,701.93,1403.86,CUST-1320
ORD-100984,2024-11-19,Smart TV,Electronics,East,Online,3,628.54,1885.62,CUST-1206
ORD-100985,2026-02-19,Hiking Backpack,Sports & Outdoors,West,In-Store,1,70.54,70.54,CUST-1265
ORD-100986,2025-08-07,Fitness Tracker,Sports & Outdoors,East,Online,2,63.56,127.12,CUST-1253
ORD-100987,2024-07-28,Smartwatch,Electronics,North,Affiliate,5,200.45,1002.25,CUST-1053
ORD-100988,2024-10-02,Designer Jeans,Fashion,West,Affiliate,3,84.88,254.64,CUST-1036
ORD-100989,2025-09-22,Cookware Set,Home & Kitchen,West,Online,1,140.67,140.67,CUST-1230
ORD-100990,2026-05-23,Perfume,Beauty & Personal Care,South,Wholesale,40,63.54,2541.6,CUST-1221
ORD-100991,2025-11-03,Smart TV,Electronics,East,In-Store,4,616.22,2464.88,CUST-1071
ORD-100992,2026-04-17,Self-Help Best Seller,Books & Stationery,North,In-Store,2,22.33,44.66,CUST-1268
ORD-100993,2025-11-28,Bluetooth Speaker,Electronics,West,Online,2,75.48,150.96,CUST-1270
ORD-100994,2024-04-05,Perfume,Beauty & Personal Care,West,In-Store,1,78.52,78.52,CUST-1117
ORD-100995,2025-04-26,Fountain Pen,Books & Stationery,East,In-Store,1,40.36,40.36,CUST-1353
ORD-100996,2025-09-28,Air Fryer,Home & Kitchen,North,Wholesale,20,92.07,1841.4,CUST-1077
ORD-100997,2026-05-09,Perfume,Beauty & Personal Care,East,Online,3,84.53,253.59,CUST-1210
ORD-100998,2024-10-06,Dumbbells,Sports & Outdoors,West,Online,1,54.25,54.25,CUST-1067
ORD-100999,2024-02-13,Cookware Set,Home & Kitchen,North,Affiliate,2,139.41,278.82,CUST-1088
ORD-101000,2025-03-08,Blender,Home & Kitchen,South,In-Store,3,59.72,179.16,CUST-1386
ORD-101001,2025-05-17,Essential Oil Diffuser,Beauty & Personal Care,South,Affiliate,1,29.65,29.65,CUST-1358
ORD-101002,2025-10-11,Smart TV,Electronics,North,Online,2,614.66,1229.32,CUST-1286
ORD-101003,2025-11-22,Designer Jeans,Fashion,North,In-Store,1,97.43,97.43,CUST-1355
ORD-101004,2026-03-05,Smart TV,Electronics,East,,5,646.88,3234.4,CUST-1012
ORD-101005,2025-01-14,Desk Organizer,Books & Stationery,North,In-Store,2,34.71,69.42,CUST-1273
ORD-101006,2025-07-08,Makeup Kit,Beauty & Personal Care,East,Online,2,51.68,103.36,CUST-1386
ORD-101007,2026-02-20,Winter Coat,Fashion,East,In-Store,2,175.27,350.54,CUST-1164
ORD-101008,2026-01-03,Designer Jeans,Fashion,North,Online,3,96.24,288.72,CUST-1365
ORD-101009,2025-01-29,Leather Journal,Books & Stationery,East,Affiliate,4,20.5,82.0,CUST-1264
ORD-101010,2024-05-18,Smartwatch,Electronics,South,Wholesale,36,187.37,6745.32,CUST-1292
ORD-101011,2025-11-17,Dumbbells,Sports & Outdoors,South,Online,5,46.13,230.65,CUST-1225
ORD-101012,2024-03-04,Leather Jacket,Fashion,North,Online,3,182.98,548.94,CUST-1238
ORD-101013,2026-03-11,Casual T-Shirt,Fashion,North,In-Store,3,21.39,64.17,CUST-1056
ORD-101014,2025-03-08,Smartphone,Electronics,West,In-Store,1,772.23,772.23,CUST-1256
ORD-101015,2025-11-02,Air Fryer,Home & Kitchen,East,Online,2,109.59,219.18,CUST-1144
ORD-101016,2024-12-31,Smart TV,Electronics,West,Online,3,602.02,1806.06,CUST-1049
ORD-101017,2024-06-26,Designer Jeans,Fashion,East,Online,2,86.06,172.12,CUST-1191
ORD-101018,2025-01-08,Designer Jeans,Fashion,North,Online,2,86.4,172.8,CUST-1088
ORD-101019,2025-04-20,Fountain Pen,Books & Stationery,South,In-Store,1,33.87,33.87,CUST-1011
ORD-101020,2026-03-24,Wireless Headphones,Electronics,North,Online,5,148.83,744.15,CUST-1079
ORD-101021,2026-03-30,Wireless Headphones,Electronics,West,Wholesale,31,126.54,3922.74,CUST-1330
ORD-101022,2026-01-08,Sci-Fi Novel,Books & Stationery,East,In-Store,2,17.23,34.46,CUST-1034
ORD-101023,2025-10-05,Hair Dryer,Beauty & Personal Care,East,Affiliate,4,52.27,209.08,CUST-1149
ORD-101024,2025-05-18,Yoga Mat,Sports & Outdoors,East,Wholesale,31,29.59,917.29,CUST-1167
ORD-101025,2024-06-14,Bluetooth Speaker,Electronics,West,Affiliate,2,70.28,140.56,CUST-1363
ORD-101026,2024-03-12,Casual T-Shirt,Fashion,East,Online,1,21.2,21.2,CUST-1140
ORD-101027,2024-10-01,Cookware Set,Home & Kitchen,South,Affiliate,2,140.06,280.12,CUST-1177
ORD-101028,2024-08-29,Smartwatch,Electronics,North,Online,3,248.78,746.34,CUST-1286
ORD-101029,2025-11-18,Desk Organizer,Books & Stationery,West,Online,4,32.38,129.52,CUST-1133
ORD-101030,2025-09-10,Designer Jeans,Fashion,East,Online,2,93.8,187.6,CUST-1234
ORD-101031,2024-02-28,Designer Jeans,Fashion,South,Online,1,91.93,91.93,CUST-1256
ORD-101032,2025-06-16,Camping Tent,Sports & Outdoors,East,Online,1,181.83,181.83,CUST-1265
ORD-101033,2026-04-11,Makeup Kit,Beauty & Personal Care,North,Online,2,53.8,107.6,CUST-1078
ORD-101034,2025-08-08,Leather Jacket,Fashion,West,Online,1,160.8,160.8,CUST-1000
ORD-101035,2025-10-04,Cookware Set,Home & Kitchen,West,Online,2,120.21,240.42,CUST-1387
ORD-101036,2024-08-28,Air Fryer,Home & Kitchen,East,Wholesale,55,85.15,4683.25,CUST-1150
ORD-101037,2025-03-27,Cookware Set,Home & Kitchen,South,Online,2,155.69,311.38,CUST-1028
ORD-101038,2026-01-28,Smartphone,Electronics,East,Affiliate,3,722.51,2167.53,CUST-1368
ORD-101039,2026-05-14,Skincare Gift Set,Beauty & Personal Care,East,In-Store,1,56.68,56.68,CUST-1284
ORD-101040,2024-11-20,Smartwatch,Electronics,West,In-Store,1,234.93,234.93,CUST-1076
ORD-101041,2025-01-21,Camping Tent,Sports & Outdoors,East,Online,2,173.52,347.04,CUST-1224
ORD-101042,2024-03-07,Makeup Kit,Beauty & Personal Care,East,Online,1,64.66,64.66,CUST-1285
ORD-101043,2025-08-30,Bluetooth Speaker,Electronics,North,In-Store,2,77.33,154.66,CUST-1120
ORD-101044,2025-09-25,Designer Jeans,Fashion,South,Wholesale,47,75.05,3527.35,CUST-1288
ORD-101045,2025-11-15,Leather Jacket,Fashion,West,In-Store,3,191.02,573.06,CUST-1328
ORD-101046,2025-10-04,Designer Jeans,Fashion,West,In-Store,1,93.15,93.15,CUST-1386
ORD-101047,2024-08-13,Bluetooth Speaker,Electronics,West,Online,1,68.54,68.54,CUST-1302
ORD-101048,2024-07-21,Makeup Kit,Beauty & Personal Care,North,Online,1,62.52,62.52,CUST-1257
ORD-101049,2024-10-01,Designer Jeans,Fashion,South,Online,1,83.33,83.33,CUST-1195
ORD-101050,2024-12-15,Coffee Maker,Home & Kitchen,West,Wholesale,31,74.94,2323.14,CUST-1222
ORD-101051,2025-02-24,Wireless Headphones,Electronics,South,In-Store,3,140.15,420.45,CUST-1109
ORD-101052,2026-05-16,Bluetooth Speaker,Electronics,,Wholesale,52,66.19,3441.88,CUST-1187
ORD-101053,2024-12-07,Fitness Tracker,Sports & Outdoors,North,In-Store,1,68.66,68.66,CUST-1189
ORD-101054,2025-08-02,Essential Oil Diffuser,Beauty & Personal Care,West,In-Store,1,34.16,34.16,CUST-1277
ORD-101055,2024-09-21,Air Fryer,Home & Kitchen,North,Online,3,104.67,314.01,CUST-1122
ORD-101056,2024-02-02,Leather Journal,Books & Stationery,East,Wholesale,32,24.13,772.16,CUST-1320
ORD-101057,2024-12-04,Coffee Maker,Home & Kitchen,North,Online,1,99.94,99.94,CUST-1177
ORD-101058,2024-05-25,Skincare Gift Set,Beauty & Personal Care,East,In-Store,1,56.94,56.94,CUST-1134
ORD-101059,2026-04-25,Smartwatch,Electronics,West,Online,1,223.63,223.63,CUST-1144
ORD-101060,2024-12-10,Perfume,Beauty & Personal Care,East,In-Store,2,62.76,125.52,CUST-1049
ORD-101061,2025-05-03,Leather Jacket,Fashion,East,Online,2,155.62,311.24,CUST-1225
ORD-101062,2025-10-15,Ergonomic Chair,Home & Kitchen,North,,1,185.22,185.22,CUST-1332
ORD-101063,2026-02-22,Perfume,Beauty & Personal Care,North,In-Store,1,82.67,82.67,CUST-1200
ORD-101064,2024-09-14,Casual T-Shirt,Fashion,East,Wholesale,15,24.56,368.4,CUST-1267
ORD-101065,2024-09-16,Skincare Gift Set,Beauty & Personal Care,East,In-Store,3,52.84,158.52,CUST-1068
ORD-101066,2024-03-21,Leather Journal,Books & Stationery,North,In-Store,4,20.3,81.2,CUST-1206
ORD-101067,2024-11-28,Essential Oil Diffuser,Beauty & Personal Care,West,In-Store,3,34.85,104.55,CUST-1156
ORD-101068,2024-09-17,Blender,Home & Kitchen,East,In-Store,3,60.59,181.77,CUST-1029
ORD-101069,2024-12-24,Air Fryer,Home & Kitchen,West,Wholesale,24,92.32,2215.68,CUST-1219
ORD-101070,2026-03-21,Smart TV,Electronics,North,In-Store,1,623.09,623.09,CUST-1083
ORD-101071,2025-04-29,Fountain Pen,Books & Stationery,West,Online,1,41.2,41.2,CUST-1174
ORD-101072,2025-12-23,Bluetooth Speaker,Electronics,East,Online,2,66.52,133.04,CUST-1111
ORD-101073,2024-01-27,Self-Help Best Seller,Books & Stationery,North,Affiliate,2,16.13,32.26,CUST-1018
ORD-101074,2024-09-13,Sci-Fi Novel,Books & Stationery,South,Online,2,18.56,37.12,CUST-1182
ORD-101075,2025-03-10,Desk Organizer,Books & Stationery,North,Wholesale,30,29.4,882.0,CUST-1094
ORD-101076,2026-04-17,Running Shoes,Fashion,West,Online,2,111.8,223.6,CUST-1055
ORD-101077,2024-08-10,Designer Jeans,Fashion,West,In-Store,1,88.89,88.89,CUST-1248
ORD-101078,2025-08-10,Smartphone,Electronics,South,In-Store,1,751.93,751.93,CUST-1017
ORD-101079,2024-03-10,Essential Oil Diffuser,Beauty & Personal Care,North,Affiliate,2,32.12,64.24,CUST-1054
ORD-101080,2025-05-13,Sci-Fi Novel,Books & Stationery,North,Online,1,18.14,18.14,CUST-1201
ORD-101081,2025-04-11,Fountain Pen,Books & Stationery,South,Online,1,38.74,38.74,CUST-1280
ORD-101082,2025-11-14,Fountain Pen,Books & Stationery,North,Online,2,47.04,94.08,CUST-1380
ORD-101083,2024-08-21,Blender,Home & Kitchen,East,Online,4,64.53,258.12,CUST-1312
ORD-101084,2024-12-29,Bluetooth Speaker,Electronics,North,Online,1,79.72,79.72,CUST-1158
ORD-101085,2026-05-09,Sunglasses,Fashion,South,Online,1,75.32,75.32,CUST-1315
ORD-101086,2025-02-05,Essential Oil Diffuser,Beauty & Personal Care,North,In-Store,1,27.52,27.52,CUST-1190
ORD-101087,2025-06-13,Winter Coat,Fashion,South,Affiliate,1,152.57,152.57,CUST-1299
ORD-101088,2024-04-30,Camping Tent,Sports & Outdoors,South,Wholesale,15,151.99,2279.85,CUST-1386
ORD-101089,2024-11-15,Smartwatch,Electronics,South,Online,3,243.44,730.32,CUST-1042
ORD-101090,2025-09-14,Ergonomic Chair,Home & Kitchen,East,Affiliate,1,204.69,204.69,CUST-1297
ORD-101091,2024-08-20,Hiking Backpack,Sports & Outdoors,South,In-Store,2,84.86,169.72,CUST-1231
ORD-101092,2025-05-17,Leather Jacket,Fashion,West,Online,1,150.45,150.45,CUST-1363
ORD-101093,2024-07-20,Yoga Mat,Sports & Outdoors,West,In-Store,3,25.12,75.36,CUST-1295
ORD-101094,2024-01-03,Sci-Fi Novel,Books & Stationery,West,Online,1,16.91,16.91,CUST-1389
ORD-101095,2025-04-18,Smartphone,Electronics,North,Wholesale,30,642.95,19288.5,CUST-1206
ORD-101096,2024-04-10,Leather Journal,Books & Stationery,East,Online,3,25.03,75.09,CUST-1034
ORD-101097,2026-05-19,Smartphone,Electronics,West,Online,1,725.76,725.76,CUST-1338
ORD-101098,2024-05-06,Yoga Mat,Sports & Outdoors,West,Online,3,39.87,119.61,CUST-1091
ORD-101099,2025-11-26,Fountain Pen,Books & Stationery,North,In-Store,2,40.74,81.48,CUST-1200
ORD-101100,2025-02-16,Essential Oil Diffuser,Beauty & Personal Care,South,In-Store,3,31.43,94.29,CUST-1373
ORD-101101,2024-02-20,Air Fryer,Home & Kitchen,North,In-Store,1,93.16,93.16,CUST-1141
ORD-101102,2024-12-21,Makeup Kit,Beauty & Personal Care,South,Online,1,52.73,52.73,CUST-1204
ORD-101103,2025-12-19,Winter Coat,Fashion,North,Online,4,175.05,700.2,CUST-1172
ORD-101104,2024-11-06,Cookware Set,Home & Kitchen,East,Online,2,133.82,267.64,CUST-1037
ORD-101105,2024-07-26,Sunglasses,Fashion,East,Online,4,79.98,319.92,CUST-1220
ORD-101106,2025-06-19,Water Bottle,Sports & Outdoors,East,Online,1,16.28,16.28,CUST-1210
ORD-101107,2025-10-27,Fountain Pen,Books & Stationery,East,Affiliate,2,35.17,70.34,CUST-1380
ORD-101108,2025-05-15,Laptop,Electronics,South,Online,1,927.04,927.04,CUST-1090
ORD-101109,2025-02-14,Camping Tent,Sports & Outdoors,North,Online,3,149.37,448.11,CUST-1284
ORD-101110,2024-04-04,Sci-Fi Novel,Books & Stationery,South,In-Store,5,14.63,73.15,CUST-1386
ORD-101111,2024-12-01,Laptop,Electronics,South,Online,1,910.44,910.44,CUST-1272
ORD-101112,2024-06-02,Fitness Tracker,Sports & Outdoors,West,In-Store,1,57.71,57.71,CUST-1077
ORD-101113,2026-01-09,Robotic Vacuum,Home & Kitchen,East,Online,3,283.84,851.52,CUST-1137
ORD-101114,2025-12-14,Robotic Vacuum,Home & Kitchen,North,Online,2,279.45,558.9,CUST-1356
ORD-101115,2026-05-01,Fountain Pen,Books & Stationery,South,Online,3,37.06,111.18,CUST-1020
ORD-101116,2026-05-05,Self-Help Best Seller,Books & Stationery,East,Affiliate,1,19.26,19.26,CUST-1113
ORD-101117,2024-01-26,Yoga Mat,Sports & Outdoors,East,Online,2,26.5,53.0,CUST-1075
ORD-101118,2025-05-16,Smart TV,Electronics,West,In-Store,3,648.0,1944.0,CUST-1325
ORD-101119,2024-05-15,Smartwatch,Electronics,East,Online,2,227.58,455.16,CUST-1174
ORD-101120,2024-04-14,Running Shoes,Fashion,West,Online,2,97.13,194.26,CUST-1353
ORD-101121,2024-03-15,Leather Jacket,Fashion,East,Online,2,184.28,368.56,CUST-1379
ORD-101122,2026-04-26,Casual T-Shirt,Fashion,,Online,1,29.5,29.5,CUST-1291
ORD-101123,2025-04-08,Air Fryer,Home & Kitchen,South,Online,4,102.46,409.84,CUST-1076
ORD-101124,2024-07-26,Hair Dryer,Beauty & Personal Care,North,Affiliate,2,65.96,131.92,CUST-1187
ORD-101125,2024-09-10,Hiking Backpack,Sports & Outdoors,West,Online,1,94.21,94.21,CUST-1323
ORD-101126,2025-10-29,Air Fryer,Home & Kitchen,South,In-Store,2,104.83,209.66,CUST-1015
ORD-101127,2025-03-02,Desk Organizer,Books & Stationery,East,Online,3,27.79,83.37,CUST-1309
ORD-101128,2025-02-10,Perfume,Beauty & Personal Care,North,Online,1,63.53,63.53,CUST-1122
ORD-101129,2025-12-30,Hiking Backpack,Sports & Outdoors,West,In-Store,5,85.6,428.0,CUST-1196
ORD-101130,2024-06-28,Essential Oil Diffuser,Beauty & Personal Care,North,In-Store,2,28.95,57.9,CUST-1207
ORD-101131,2025-09-28,Coffee Maker,Home & Kitchen,North,In-Store,1,87.47,87.47,CUST-1378
ORD-101132,2025-01-01,Wireless Headphones,Electronics,North,Online,4,140.67,562.68,CUST-1287
ORD-101133,2025-01-10,Coffee Maker,Home & Kitchen,South,Online,3,97.39,292.17,CUST-1180
ORD-101134,2024-01-19,Smart TV,Electronics,South,Online,1,646.88,646.88,CUST-1317
ORD-101135,2026-04-12,Fitness Tracker,Sports & Outdoors,West,Online,2,74.07,148.14,CUST-1133
ORD-101136,2025-10-02,Blender,Home & Kitchen,North,Wholesale,57,43.18,2461.26,CUST-1082
ORD-101137,2026-04-03,Yoga Mat,Sports & Outdoors,North,Affiliate,2,32.84,65.68,CUST-1009
ORD-101138,2024-09-29,Casual T-Shirt,Fashion,South,Online,1,21.19,21.19,CUST-1215
ORD-101139,2025-12-17,Ergonomic Chair,Home & Kitchen,,Affiliate,1,180.13,180.13,CUST-1228
ORD-101140,2024-12-11,Smart TV,Electronics,South,Wholesale,21,522.97,10982.37,CUST-1311
ORD-101141,2024-03-20,Fitness Tracker,Sports & Outdoors,West,Online,2,61.37,122.74,CUST-1238
ORD-101142,2024-09-24,Hair Dryer,Beauty & Personal Care,South,Online,4,74.12,296.48,CUST-1226
ORD-101143,2025-06-20,Ergonomic Chair,Home & Kitchen,West,Online,2,201.16,402.32,CUST-1120
ORD-101144,2026-02-03,Sci-Fi Novel,Books & Stationery,North,Online,1,17.21,17.21,CUST-1226
ORD-101145,2025-08-15,Casual T-Shirt,Fashion,East,In-Store,1,24.52,24.52,CUST-1386
ORD-101146,2025-03-22,Fitness Tracker,Sports & Outdoors,South,Online,1,79.35,79.35,CUST-1153
ORD-101147,2026-03-26,Bluetooth Speaker,Electronics,East,Online,4,61.7,246.8,CUST-1107
ORD-101148,2024-07-29,Fitness Tracker,Sports & Outdoors,North,In-Store,1,64.39,64.39,CUST-1333
ORD-101149,2025-12-15,Casual T-Shirt,Fashion,West,Online,1,25.2,25.2,CUST-1272
ORD-101150,2025-10-10,Casual T-Shirt,Fashion,East,Wholesale,53,18.91,1002.23,CUST-1133
ORD-101151,2025-09-17,Makeup Kit,Beauty & Personal Care,South,Online,2,64.06,128.12,CUST-1019
ORD-101152,2025-08-22,Perfume,Beauty & Personal Care,West,Wholesale,54,70.66,3815.64,CUST-1053
ORD-101153,2026-05-20,Designer Jeans,Fashion,South,Online,1,90.26,90.26,CUST-1299
ORD-101154,2025-10-23,Blender,Home & Kitchen,South,Affiliate,2,60.16,120.32,CUST-1313
ORD-101155,2024-09-08,Air Fryer,Home & Kitchen,West,Online,1,112.39,112.39,CUST-1381
ORD-101156,2024-10-06,Sci-Fi Novel,Books & Stationery,East,In-Store,3,13.38,40.14,CUST-1355
ORD-101157,2024-02-09,Sci-Fi Novel,Books & Stationery,North,In-Store,1,17.81,17.81,CUST-1259
ORD-101158,2025-08-06,Laptop,Electronics,South,Wholesale,58,816.67,47366.86,CUST-1172
ORD-101159,2025-12-31,Casual T-Shirt,Fashion,West,Wholesale,58,24.47,1419.26,CUST-1071
ORD-101160,2026-04-18,Essential Oil Diffuser,Beauty & Personal Care,South,In-Store,1,33.33,33.33,CUST-1325
ORD-101161,2024-06-05,Fountain Pen,Books & Stationery,West,Wholesale,30,28.19,845.7,CUST-1079
ORD-101162,2024-05-13,Camping Tent,Sports & Outdoors,North,In-Store,2,169.04,338.08,CUST-1213
ORD-101163,2025-03-10,Dumbbells,Sports & Outdoors,South,In-Store,1,50.18,50.18,CUST-1041
ORD-101164,2025-10-12,Blender,Home & Kitchen,North,In-Store,1,60.29,60.29,CUST-1176
ORD-101165,2026-01-03,Desk Organizer,Books & Stationery,North,In-Store,1,32.02,32.02,CUST-1134
ORD-101166,2026-05-26,Blender,Home & Kitchen,North,Online,2,64.3,128.6,CUST-1167
ORD-101167,2025-12-03,Perfume,Beauty & Personal Care,East,In-Store,2,69.5,139.0,CUST-1230
ORD-101168,2025-10-30,Perfume,Beauty & Personal Care,West,Online,2,61.98,123.96,CUST-1242
ORD-101169,2024-10-26,Robotic Vacuum,Home & Kitchen,East,In-Store,2,297.75,595.5,CUST-1207
ORD-101170,2024-05-10,Dumbbells,Sports & Outdoors,South,Online,1,50.75,50.75,CUST-1167
ORD-101171,2024-02-20,Skincare Gift Set,Beauty & Personal Care,South,In-Store,1,40.6,40.6,CUST-1031
ORD-101172,2025-06-23,Robotic Vacuum,Home & Kitchen,East,In-Store,1,251.1,251.1,CUST-1282
ORD-101173,2026-01-26,Yoga Mat,Sports & Outdoors,West,In-Store,2,28.89,57.78,CUST-1135
ORD-101174,2024-06-24,Designer Jeans,Fashion,East,Affiliate,4,93.89,375.56,CUST-1014
ORD-101175,2025-11-27,Bluetooth Speaker,Electronics,East,In-Store,2,79.23,158.46,CUST-1269
ORD-101176,2025-11-29,Essential Oil Diffuser,Beauty & Personal Care,East,Online,1,31.1,31.1,CUST-1017
ORD-101177,2026-02-22,Essential Oil Diffuser,Beauty & Personal Care,South,In-Store,3,32.04,96.12,CUST-1302
ORD-101178,2025-06-24,Makeup Kit,Beauty & Personal Care,East,Online,1,64.55,64.55,CUST-1356
ORD-101179,2024-11-22,Smartwatch,Electronics,West,Wholesale,54,209.69,11323.26,CUST-1244
ORD-101180,2024-09-13,Camping Tent,Sports & Outdoors,,Online,1,189.65,189.65,CUST-1258
ORD-101181,2024-11-02,Self-Help Best Seller,Books & Stationery,East,In-Store,1,20.31,20.31,CUST-1372
ORD-101182,2024-05-04,Bluetooth Speaker,Electronics,East,In-Store,2,77.67,155.34,CUST-1068
ORD-101183,2024-08-23,Bluetooth Speaker,Electronics,West,Online,1,78.46,78.46,CUST-1331
ORD-101184,2025-07-02,Self-Help Best Seller,Books & Stationery,West,Online,3,18.89,56.67,CUST-1148
ORD-101185,2025-10-16,Essential Oil Diffuser,Beauty & Personal Care,North,In-Store,1,30.56,30.56,CUST-1091
ORD-101186,2024-11-12,Makeup Kit,Beauty & Personal Care,North,In-Store,2,60.67,121.34,CUST-1285
ORD-101187,2024-03-28,Dumbbells,Sports & Outdoors,East,Online,1,55.39,55.39,CUST-1239
ORD-101188,2024-12-28,Leather Journal,Books & Stationery,South,Affiliate,2,24.12,48.24,CUST-1233
ORD-101189,2025-07-28,Skincare Gift Set,Beauty & Personal Care,East,Affiliate,2,43.4,86.8,CUST-1307
ORD-101190,2026-05-24,Hair Dryer,Beauty & Personal Care,North,Online,1,64.62,64.62,CUST-1335
ORD-101191,2025-07-06,Camping Tent,Sports & Outdoors,South,Online,2,146.83,293.66,CUST-1337
ORD-101192,2025-09-11,Fitness Tracker,Sports & Outdoors,East,Online,1,58.09,58.09,CUST-1048
ORD-101193,2024-03-03,Designer Jeans,Fashion,East,In-Store,3,95.94,287.82,CUST-1258
ORD-101194,2025-09-05,Essential Oil Diffuser,Beauty & Personal Care,East,In-Store,1,25.08,25.08,CUST-1373
ORD-101195,2024-03-05,Casual T-Shirt,Fashion,East,Wholesale,22,23.06,507.32,CUST-1216
ORD-101196,2024-11-15,Air Fryer,Home & Kitchen,South,Wholesale,37,88.94,3290.78,CUST-1308
ORD-101197,2025-10-02,Ergonomic Chair,Home & Kitchen,South,Affiliate,1,199.71,199.71,CUST-1270
ORD-101198,2025-11-16,Smartphone,Electronics,North,Affiliate,2,717.99,1435.98,CUST-1059
ORD-101199,2024-03-29,Camping Tent,Sports & Outdoors,East,Online,1,147.0,147.0,CUST-1165
ORD-101200,2026-03-13,Blender,Home & Kitchen,East,In-Store,2,68.93,137.86,CUST-1250
ORD-101201,2024-10-06,Makeup Kit,Beauty & Personal Care,North,Online,1,51.29,51.29,CUST-1303
ORD-101202,2025-12-11,Sunglasses,Fashion,West,Online,1,69.53,69.53,CUST-1077
ORD-101203,2024-08-13,Makeup Kit,Beauty & Personal Care,East,Online,5,56.73,283.65,CUST-1193
ORD-101204,2024-10-01,Cookware Set,Home & Kitchen,West,Affiliate,1,139.91,139.91,CUST-1028
ORD-101205,2026-02-21,Winter Coat,Fashion,South,Online,2,133.17,266.34,CUST-1321
ORD-101206,2025-08-01,Running Shoes,Fashion,West,Online,4,111.29,445.16,CUST-1268
ORD-101207,2024-11-28,Smartwatch,Electronics,East,Online,1,234.32,234.32,CUST-1100
ORD-101208,2025-07-04,Camping Tent,Sports & Outdoors,West,Online,1,169.49,169.49,CUST-1341
ORD-101209,2025-04-09,Fitness Tracker,Sports & Outdoors,North,Affiliate,3,62.46,187.38,CUST-1101
ORD-101210,2025-04-25,Perfume,Beauty & Personal Care,East,In-Store,1,82.31,82.31,CUST-1100
ORD-101211,2026-01-07,Leather Jacket,Fashion,East,Wholesale,22,162.89,3583.58,CUST-1032
ORD-101212,2024-02-13,Skincare Gift Set,Beauty & Personal Care,West,In-Store,1,56.46,56.46,CUST-1224
ORD-101213,2025-06-07,Air Fryer,Home & Kitchen,West,Online,1,109.96,109.96,CUST-1012
ORD-101214,2025-08-25,Yoga Mat,Sports & Outdoors,West,Online,1,39.72,39.72,CUST-1012
ORD-101215,2025-12-25,Ergonomic Chair,Home & Kitchen,South,In-Store,1,201.58,201.58,CUST-1307
ORD-101216,2024-11-20,Coffee Maker,Home & Kitchen,West,Online,1,94.95,94.95,CUST-1053
ORD-101217,2025-04-02,Leather Journal,Books & Stationery,East,Online,2,24.17,48.34,CUST-1347
ORD-101218,2024-08-22,Sci-Fi Novel,Books & Stationery,North,Online,2,17.74,35.48,CUST-1046
ORD-101219,2025-07-24,Desk Organizer,Books & Stationery,South,Online,5,30.34,151.7,CUST-1072
ORD-101220,2025-11-16,Camping Tent,Sports & Outdoors,West,Online,2,178.71,357.42,CUST-1018
ORD-101221,2026-03-25,Hair Dryer,Beauty & Personal Care,North,Online,1,71.96,71.96,CUST-1015
ORD-101222,2024-09-29,Sunglasses,Fashion,West,Online,2,59.69,119.38,CUST-1000
ORD-101223,2024-02-27,Robotic Vacuum,Home & Kitchen,West,Online,2,262.9,525.8,CUST-1087
ORD-101224,2024-01-20,Skincare Gift Set,Beauty & Personal Care,West,In-Store,2,40.8,81.6,CUST-1070
ORD-101225,2024-06-03,Yoga Mat,Sports & Outdoors,West,In-Store,1,29.4,29.4,CUST-1159
ORD-101226,2024-08-27,Hair Dryer,Beauty & Personal Care,West,Online,1,62.49,62.49,CUST-1308
ORD-101227,2025-03-10,Ergonomic Chair,Home & Kitchen,East,In-Store,1,205.57,205.57,CUST-1332
ORD-101228,2024-09-01,Smart TV,Electronics,South,In-Store,1,628.66,628.66,CUST-1193
ORD-101229,2025-09-03,Coffee Maker,Home & Kitchen,North,In-Store,1,93.13,93.13,CUST-1176
ORD-101230,2024-12-07,Smart TV,Electronics,South,Online,1,646.0,646.0,CUST-1018
ORD-101231,2025-03-22,Smartwatch,Electronics,South,Wholesale,25,191.49,4787.25,CUST-1013
ORD-101232,2025-08-19,Robotic Vacuum,Home & Kitchen,East,In-Store,3,282.44,847.32,CUST-1331
ORD-101233,2025-11-17,Coffee Maker,Home & Kitchen,East,,4,82.24,328.96,CUST-1140
ORD-101234,2024-11-29,Designer Jeans,Fashion,South,In-Store,1,80.67,80.67,CUST-1375
ORD-101235,2026-01-11,Smartphone,Electronics,West,Online,1,709.96,709.96,CUST-1055
ORD-101236,2025-06-27,Yoga Mat,Sports & Outdoors,West,In-Store,1,32.53,32.53,CUST-1310
ORD-101237,2025-08-10,Essential Oil Diffuser,Beauty & Personal Care,South,In-Store,2,25.2,50.4,CUST-1029
ORD-101238,2024-10-11,Smartwatch,Electronics,South,Online,1,249.31,249.31,CUST-1133
ORD-101239,2026-01-15,Leather Journal,Books & Stationery,West,In-Store,3,25.13,75.39,CUST-1239
ORD-101240,2025-08-23,Skincare Gift Set,Beauty & Personal Care,South,In-Store,1,56.55,56.55,CUST-1141
ORD-101241,2025-09-29,Hiking Backpack,Sports & Outdoors,West,In-Store,1,81.8,81.8,CUST-1293
ORD-101242,2024-11-01,Skincare Gift Set,Beauty & Personal Care,East,Affiliate,1,46.26,46.26,CUST-1021
ORD-101243,2024-12-08,Ergonomic Chair,Home & Kitchen,North,Online,2,221.26,442.52,CUST-1317
ORD-101244,2026-05-10,Winter Coat,Fashion,West,Online,2,146.95,293.9,CUST-1177
ORD-101245,2025-06-10,Air Fryer,Home & Kitchen,North,In-Store,2,109.63,219.26,CUST-1136
ORD-101246,2026-01-28,Fountain Pen,Books & Stationery,West,In-Store,1,40.98,40.98,CUST-1348
ORD-101247,2025-06-15,Fitness Tracker,Sports & Outdoors,North,In-Store,1,69.35,69.35,CUST-1362
ORD-101248,2024-07-19,Running Shoes,Fashion,West,In-Store,1,108.35,108.35,CUST-1171
ORD-101249,2025-08-30,Wireless Headphones,Electronics,East,In-Store,2,135.03,270.06,CUST-1271
ORD-101250,2024-11-14,Perfume,Beauty & Personal Care,North,In-Store,1,89.32,89.32,CUST-1078
ORD-101251,2024-04-30,Winter Coat,Fashion,North,Online,1,147.02,147.02,CUST-1068
ORD-101252,2025-12-27,Leather Journal,Books & Stationery,North,Affiliate,1,20.83,20.83,CUST-1186
ORD-101253,2024-04-19,Coffee Maker,Home & Kitchen,East,Online,2,85.44,170.88,CUST-1041
ORD-101254,2025-12-31,Dumbbells,Sports & Outdoors,West,Online,1,44.19,44.19,CUST-1025
ORD-101255,2025-02-13,Bluetooth Speaker,Electronics,North,Online,2,69.08,138.16,CUST-1149
ORD-101256,2025-01-30,Sci-Fi Novel,Books & Stationery,South,Online,2,18.85,37.7,CUST-1309
ORD-101257,2024-01-26,Fitness Tracker,Sports & Outdoors,West,Wholesale,57,67.78,3863.46,CUST-1241
ORD-101258,2025-07-19,Bluetooth Speaker,Electronics,South,In-Store,1,77.17,77.17,CUST-1098
ORD-101259,2025-12-04,Dumbbells,Sports & Outdoors,North,Affiliate,1,41.32,41.32,CUST-1289
ORD-101260,2025-11-07,Ergonomic Chair,Home & Kitchen,West,In-Store,3,213.0,639.0,CUST-1150
ORD-101261,2025-12-19,Bluetooth Speaker,Electronics,West,In-Store,3,66.75,200.25,CUST-1302
ORD-101262,2025-01-11,Perfume,Beauty & Personal Care,East,In-Store,2,84.06,168.12,CUST-1145
ORD-101263,2024-10-03,Skincare Gift Set,Beauty & Personal Care,North,Online,4,49.01,196.04,CUST-1161
ORD-101264,2024-04-29,Coffee Maker,Home & Kitchen,West,Online,1,83.76,83.76,CUST-1064
ORD-101265,2024-11-21,Makeup Kit,Beauty & Personal Care,North,Wholesale,17,55.13,937.21,CUST-1111
ORD-101266,2024-11-16,Desk Organizer,Books & Stationery,West,In-Store,1,34.85,34.85,CUST-1252
ORD-101267,2026-01-03,Skincare Gift Set,Beauty & Personal Care,East,Online,2,57.85,115.7,CUST-1247
ORD-101268,2024-01-17,Water Bottle,Sports & Outdoors,South,Online,3,21.89,65.67,CUST-1096
ORD-101269,2025-11-13,Casual T-Shirt,Fashion,West,Online,1,23.59,23.59,CUST-1068
ORD-101270,2025-01-04,Fountain Pen,Books & Stationery,South,Online,2,38.39,76.78,CUST-1321
ORD-101271,2026-05-30,Leather Jacket,Fashion,West,Online,1,190.91,190.91,CUST-1169
ORD-101272,2025-07-12,Smartphone,Electronics,North,Online,4,740.17,2960.68,CUST-1205
ORD-101273,2024-02-09,Cookware Set,Home & Kitchen,East,Online,1,131.07,131.07,CUST-1308
ORD-101274,2025-04-28,Makeup Kit,Beauty & Personal Care,North,Online,1,61.4,61.4,CUST-1217
ORD-101275,2024-11-02,Essential Oil Diffuser,Beauty & Personal Care,East,Online,1,29.28,29.28,CUST-1033
ORD-101276,2025-09-18,Perfume,Beauty & Personal Care,North,Wholesale,18,58.91,1060.38,CUST-1227
ORD-101277,2025-11-22,Smartwatch,Electronics,West,In-Store,5,210.29,1051.45,CUST-1322
ORD-101278,2025-11-16,Dumbbells,Sports & Outdoors,South,Affiliate,1,56.87,56.87,CUST-1369
ORD-101279,2025-08-01,Blender,Home & Kitchen,North,In-Store,3,61.65,184.95,CUST-1383
ORD-101280,2024-12-20,Ergonomic Chair,Home & Kitchen,East,Online,3,206.83,620.49,CUST-1189
ORD-101281,2025-05-04,Bluetooth Speaker,Electronics,South,Online,2,65.32,130.64,CUST-1010
ORD-101282,2025-08-04,Air Fryer,Home & Kitchen,East,Online,4,93.6,374.4,CUST-1175
ORD-101283,2025-12-07,Ergonomic Chair,Home & Kitchen,West,Online,2,211.25,422.5,CUST-1239
ORD-101284,2025-07-12,Desk Organizer,Books & Stationery,South,Online,1,29.92,29.92,CUST-1036
ORD-101285,2026-02-27,Robotic Vacuum,Home & Kitchen,East,Wholesale,43,239.42,10295.06,CUST-1029
ORD-101286,2025-07-03,Blender,Home & Kitchen,South,Online,3,65.49,196.47,CUST-1258
ORD-101287,2026-02-16,Wireless Headphones,Electronics,North,Affiliate,1,135.92,135.92,CUST-1049
ORD-101288,2025-08-06,Sci-Fi Novel,Books & Stationery,West,Online,2,17.85,35.7,CUST-1110
ORD-101289,2025-04-28,Sci-Fi Novel,Books & Stationery,North,Affiliate,3,17.32,51.96,CUST-1003
ORD-101290,2024-02-13,Camping Tent,Sports & Outdoors,South,Online,2,160.71,321.42,CUST-1334
ORD-101291,2025-05-23,Fountain Pen,Books & Stationery,,Online,3,48.86,146.58,CUST-1148
ORD-101292,2024-01-27,Hair Dryer,Beauty & Personal Care,South,Online,1,64.8,64.8,CUST-1127
ORD-101293,2024-10-19,Air Fryer,Home & Kitchen,West,In-Store,2,101.03,202.06,CUST-1318
ORD-101294,2024-12-02,Essential Oil Diffuser,Beauty & Personal Care,East,Wholesale,16,23.37,373.92,CUST-1004
ORD-101295,2025-08-16,Leather Journal,Books & Stationery,East,Online,1,29.76,29.76,CUST-1206
ORD-101296,2025-09-14,Wireless Headphones,Electronics,West,Online,1,140.59,140.59,CUST-1351
ORD-101297,2024-03-10,Fountain Pen,Books & Stationery,North,Wholesale,23,36.95,849.85,CUST-1130
ORD-101298,2024-08-05,Robotic Vacuum,Home & Kitchen,North,In-Store,4,293.98,1175.92,CUST-1367
ORD-101299,2025-04-03,Laptop,Electronics,South,In-Store,2,907.81,1815.62,CUST-1149
ORD-101300,2026-03-20,Blender,Home & Kitchen,North,Online,1,60.92,60.92,CUST-1366
ORD-101301,2024-04-15,Camping Tent,Sports & Outdoors,North,In-Store,2,132.99,265.98,CUST-1395
ORD-101302,2024-02-12,Coffee Maker,Home & Kitchen,East,Online,1,81.12,81.12,CUST-1166
ORD-101303,2026-04-12,Hiking Backpack,Sports & Outdoors,South,In-Store,4,89.93,359.72,CUST-1100
ORD-101304,2026-05-12,Ergonomic Chair,Home & Kitchen,South,Online,2,194.31,388.62,CUST-1087
ORD-101305,2025-10-24,Running Shoes,Fashion,West,Online,1,98.81,98.81,CUST-1349
ORD-101306,2024-05-05,Water Bottle,Sports & Outdoors,West,Online,2,20.96,41.92,CUST-1368
ORD-101307,2025-07-14,Perfume,Beauty & Personal Care,South,Online,2,79.23,158.46,CUST-1300
ORD-101308,2025-04-26,Bluetooth Speaker,Electronics,North,Affiliate,2,78.97,157.94,CUST-1313
ORD-101309,2025-12-22,Hiking Backpack,Sports & Outdoors,East,Affiliate,1,91.02,91.02,CUST-1341
ORD-101310,2026-03-15,Dumbbells,Sports & Outdoors,,Online,1,38.71,38.71,CUST-1333
ORD-101311,2024-01-13,Yoga Mat,Sports & Outdoors,South,Online,1,33.43,33.43,CUST-1291
ORD-101312,2026-02-14,Fountain Pen,Books & Stationery,North,Online,1,37.09,37.09,CUST-1020
ORD-101313,2025-12-31,Leather Jacket,Fashion,West,In-Store,2,183.08,366.16,CUST-1131
ORD-101314,2024-10-27,Water Bottle,Sports & Outdoors,East,Online,3,20.11,60.33,CUST-1303
ORD-101315,2025-03-21,Dumbbells,Sports & Outdoors,North,Affiliate,4,49.84,199.36,CUST-1264
ORD-101316,2024-12-03,Robotic Vacuum,Home & Kitchen,North,,1,280.7,280.7,CUST-1366
ORD-101317,2025-04-09,Water Bottle,Sports & Outdoors,East,Online,3,18.62,55.86,CUST-1300
ORD-101318,2026-02-04,Skincare Gift Set,Beauty & Personal Care,South,Online,2,49.9,99.8,CUST-1167
ORD-101319,2026-01-21,Desk Organizer,Books & Stationery,South,Online,1,30.44,30.44,CUST-1064
ORD-101320,2025-09-05,Hiking Backpack,Sports & Outdoors,,Online,3,85.96,257.88,CUST-1083
ORD-101321,2025-06-05,Designer Jeans,Fashion,West,Online,2,84.34,168.68,CUST-1358
ORD-101322,2024-03-31,Sunglasses,Fashion,West,Online,5,63.93,319.65,CUST-1056
ORD-101323,2026-03-12,Desk Organizer,Books & Stationery,East,Online,1,28.62,28.62,CUST-1074
ORD-101324,2024-11-24,Wireless Headphones,Electronics,West,Online,1,131.37,131.37,CUST-1171
ORD-101325,2024-09-10,Hair Dryer,Beauty & Personal Care,West,Online,3,64.1,192.3,CUST-1145
ORD-101326,2025-05-31,Skincare Gift Set,Beauty & Personal Care,South,In-Store,3,42.13,126.39,CUST-1313
ORD-101327,2025-08-13,Smartphone,Electronics,South,In-Store,1,753.39,753.39,CUST-1355
ORD-101328,2025-11-10,Designer Jeans,Fashion,South,Online,2,82.04,164.08,CUST-1149
ORD-101329,2024-12-27,Smartwatch,Electronics,South,Affiliate,2,202.53,405.06,CUST-1322
ORD-101330,2026-03-19,Hair Dryer,Beauty & Personal Care,West,Online,2,62.62,125.24,CUST-1277
ORD-101331,2024-03-14,Winter Coat,Fashion,North,In-Store,1,166.94,166.94,CUST-1285
ORD-101332,2025-01-12,Running Shoes,Fashion,North,In-Store,3,101.95,305.85,CUST-1117
ORD-101333,2024-10-16,Bluetooth Speaker,Electronics,West,Online,1,76.55,76.55,CUST-1007
ORD-101334,2025-01-03,Makeup Kit,Beauty & Personal Care,East,Affiliate,4,54.98,219.92,CUST-1061
ORD-101335,2025-09-24,Water Bottle,Sports & Outdoors,East,Online,3,17.78,53.34,CUST-1386
ORD-101336,2025-02-19,Leather Journal,Books & Stationery,North,Affiliate,3,20.47,61.41,CUST-1321
ORD-101337,2024-03-06,Running Shoes,Fashion,South,Online,2,114.01,228.02,CUST-1177
ORD-101338,2024-10-06,Leather Jacket,Fashion,South,,2,156.6,313.2,CUST-1034
ORD-101339,2024-08-08,Perfume,Beauty & Personal Care,West,Affiliate,2,68.61,137.22,CUST-1116
ORD-101340,2024-10-06,Casual T-Shirt,Fashion,South,Affiliate,1,21.95,21.95,CUST-1072
ORD-101341,2024-08-20,Leather Journal,Books & Stationery,North,Online,2,27.44,54.88,CUST-1092
ORD-101342,2025-04-11,Essential Oil Diffuser,Beauty & Personal Care,South,Online,2,28.87,57.74,CUST-1129
ORD-101343,2025-11-17,Robotic Vacuum,Home & Kitchen,East,In-Store,1,266.44,266.44,CUST-1397
ORD-101344,2024-10-02,Coffee Maker,Home & Kitchen,West,Online,1,89.24,89.24,CUST-1089
ORD-101345,2024-08-28,Cookware Set,Home & Kitchen,South,Online,2,132.75,265.5,CUST-1039
ORD-101346,2026-01-16,Smart TV,Electronics,West,In-Store,3,609.97,1829.91,CUST-1141
ORD-101347,2026-04-23,Smartwatch,Electronics,North,Online,1,217.61,217.61,CUST-1229
ORD-101348,2025-10-01,Hair Dryer,Beauty & Personal Care,North,In-Store,1,64.96,64.96,CUST-1280
ORD-101349,2026-01-18,Hair Dryer,Beauty & Personal Care,North,Online,1,71.41,71.41,CUST-1251
ORD-101350,2025-08-22,Winter Coat,Fashion,West,Online,3,136.53,409.59,CUST-1235
ORD-101351,2024-10-01,Running Shoes,Fashion,East,Online,3,90.54,271.62,CUST-1037
ORD-101352,2024-11-19,Bluetooth Speaker,Electronics,South,Online,2,65.3,130.6,CUST-1382
ORD-101353,2025-12-17,Water Bottle,Sports & Outdoors,South,Online,3,21.46,64.38,CUST-1195
ORD-101354,2026-05-19,Winter Coat,Fashion,West,In-Store,4,179.57,718.28,CUST-1058
ORD-101355,2025-07-06,Running Shoes,Fashion,East,Online,3,96.43,289.29,CUST-1354
ORD-101356,2025-08-06,Coffee Maker,Home & Kitchen,,In-Store,2,83.5,167.0,CUST-1209
ORD-101357,2024-10-22,Water Bottle,Sports & Outdoors,West,Online,1,19.09,19.09,CUST-1313
ORD-101358,2024-04-18,Sunglasses,Fashion,North,Online,2,69.76,139.52,CUST-1272
ORD-101359,2025-04-24,Casual T-Shirt,Fashion,West,In-Store,4,24.87,99.48,CUST-1248
ORD-101360,2024-09-17,Yoga Mat,Sports & Outdoors,South,Affiliate,2,36.76,73.52,CUST-1216
ORD-101361,2024-07-14,Coffee Maker,Home & Kitchen,South,In-Store,1,91.87,91.87,CUST-1141
ORD-101362,2025-12-22,Coffee Maker,Home & Kitchen,East,In-Store,2,97.55,195.1,CUST-1259
ORD-101363,2026-05-23,Hair Dryer,Beauty & Personal Care,South,Online,2,75.88,151.76,CUST-1115
ORD-101364,2025-03-10,Yoga Mat,Sports & Outdoors,West,Online,1,36.56,36.56,CUST-1283
ORD-101365,2025-12-05,Sci-Fi Novel,Books & Stationery,North,Wholesale,55,11.3,621.5,CUST-1085
ORD-101366,2024-11-15,Coffee Maker,Home & Kitchen,South,In-Store,1,88.16,88.16,CUST-1320
ORD-101367,2025-10-01,Air Fryer,Home & Kitchen,East,,2,105.1,210.2,CUST-1139
ORD-101368,2025-08-13,Sci-Fi Novel,Books & Stationery,West,Online,1,13.46,13.46,CUST-1356
ORD-101369,2025-05-19,Smartwatch,Electronics,South,In-Store,2,240.29,480.58,CUST-1036
ORD-101370,2025-06-03,Essential Oil Diffuser,Beauty & Personal Care,South,In-Store,2,27.85,55.7,CUST-1193
ORD-101371,2025-04-05,Camping Tent,Sports & Outdoors,West,In-Store,2,176.7,353.4,CUST-1033
ORD-101372,2024-04-11,Essential Oil Diffuser,Beauty & Personal Care,South,Online,1,31.72,31.72,CUST-1047
ORD-101373,2024-03-27,Dumbbells,Sports & Outdoors,East,In-Store,3,59.75,179.25,CUST-1271
ORD-101374,2026-03-04,Yoga Mat,Sports & Outdoors,West,Online,2,25.61,51.22,CUST-1075
ORD-101375,2024-02-01,Fountain Pen,Books & Stationery,South,In-Store,2,46.89,93.78,CUST-1055
ORD-101376,2025-11-08,Ergonomic Chair,Home & Kitchen,South,Online,4,202.56,810.24,CUST-1251
ORD-101377,2024-01-15,Perfume,Beauty & Personal Care,North,In-Store,2,60.6,121.2,CUST-1226
ORD-101378,2025-06-11,Smart TV,Electronics,West,Wholesale,47,542.99,25520.53,CUST-1358
ORD-101379,2025-03-19,Winter Coat,Fashion,West,Wholesale,59,136.83,8072.97,CUST-1077
ORD-101380,2024-12-02,Water Bottle,Sports & Outdoors,East,Online,1,17.88,17.88,CUST-1033
ORD-101381,2026-03-06,Smartwatch,Electronics,East,Online,3,233.63,700.89,CUST-1375
ORD-101382,2025-12-24,Casual T-Shirt,Fashion,North,Online,2,28.01,56.02,CUST-1133
ORD-101383,2026-04-21,Desk Organizer,Books & Stationery,North,In-Store,1,30.64,30.64,CUST-1324
ORD-101384,2025-09-17,Blender,Home & Kitchen,East,In-Store,3,69.13,207.39,CUST-1353
ORD-101385,2024-02-04,Fountain Pen,Books & Stationery,West,In-Store,2,37.07,74.14,CUST-1146
ORD-101386,2025-01-08,Leather Journal,Books & Stationery,North,Online,3,25.82,77.46,CUST-1379
ORD-101387,2026-03-28,Bluetooth Speaker,Electronics,East,Online,1,64.99,64.99,CUST-1036
ORD-101388,2025-08-17,Leather Journal,Books & Stationery,East,In-Store,3,29.38,88.14,CUST-1074
ORD-101389,2025-03-31,Fountain Pen,Books & Stationery,East,Online,1,30.63,30.63,CUST-1037
ORD-101390,2024-09-01,Self-Help Best Seller,Books & Stationery,West,Affiliate,2,16.41,32.82,CUST-1374
ORD-101391,2024-10-16,Bluetooth Speaker,Electronics,East,Online,1,77.85,77.85,CUST-1240
ORD-101392,2026-04-11,Laptop,Electronics,East,Online,3,934.47,2803.41,CUST-1236
ORD-101393,2024-01-08,Smartphone,Electronics,South,In-Store,3,701.15,2103.45,CUST-1186
ORD-101394,2024-10-28,Robotic Vacuum,Home & Kitchen,North,Wholesale,34,239.81,8153.54,CUST-1178
ORD-101395,2025-10-06,Fitness Tracker,Sports & Outdoors,North,Online,3,64.3,192.9,CUST-1388
ORD-101396,2024-07-01,Hair Dryer,Beauty & Personal Care,East,Online,1,56.89,56.89,CUST-1268
ORD-101397,2024-01-20,Cookware Set,Home & Kitchen,South,Online,1,152.28,152.28,CUST-1242
ORD-101398,2025-03-14,Running Shoes,Fashion,East,Affiliate,2,107.34,214.68,CUST-1315
ORD-101399,2024-01-24,Leather Journal,Books & Stationery,East,Online,2,24.16,48.32,CUST-1038
ORD-101400,2024-10-14,Wireless Headphones,Electronics,North,Online,1,146.55,146.55,CUST-1048
ORD-101401,2025-04-28,Camping Tent,Sports & Outdoors,East,Online,3,159.32,477.96,CUST-1341
ORD-101402,2025-05-09,Wireless Headphones,Electronics,North,Online,2,136.38,272.76,CUST-1221
ORD-101403,2026-05-04,Smartwatch,Electronics,North,Online,2,212.62,425.24,CUST-1276
ORD-101404,2025-02-27,Designer Jeans,Fashion,South,In-Store,1,93.65,93.65,CUST-1012
ORD-101405,2025-01-16,Leather Journal,Books & Stationery,East,Online,1,26.81,26.81,CUST-1374
ORD-101406,2026-05-17,Fitness Tracker,Sports & Outdoors,West,In-Store,2,68.75,137.5,CUST-1343
ORD-101407,2025-06-02,Sci-Fi Novel,Books & Stationery,North,Online,4,15.38,61.52,CUST-1177
ORD-101408,2024-11-03,Water Bottle,Sports & Outdoors,East,Online,2,23.88,47.76,CUST-1215
ORD-101409,2024-03-12,Dumbbells,Sports & Outdoors,North,Online,2,40.78,81.56,CUST-1139
ORD-101410,2025-08-17,Air Fryer,Home & Kitchen,North,Online,4,102.54,410.16,CUST-1024
ORD-101411,2025-03-25,Smart TV,Electronics,South,Online,1,623.77,623.77,CUST-1177
ORD-101412,2025-01-12,Self-Help Best Seller,Books & Stationery,East,In-Store,1,20.42,20.42,CUST-1373
ORD-101413,2024-08-19,Blender,Home & Kitchen,West,Online,1,51.92,51.92,CUST-1145
ORD-101414,2025-01-02,Sunglasses,Fashion,East,In-Store,5,56.8,284.0,CUST-1154
ORD-101415,2026-02-25,Running Shoes,Fashion,West,Online,1,107.93,107.93,CUST-1243
ORD-101416,2026-04-27,Perfume,Beauty & Personal Care,North,Online,1,75.15,75.15,CUST-1321
ORD-101417,2025-04-15,Perfume,Beauty & Personal Care,North,In-Store,1,69.44,69.44,CUST-1105
ORD-101418,2024-05-10,Perfume,Beauty & Personal Care,North,In-Store,3,86.03,258.09,CUST-1250
ORD-101419,2026-04-12,Water Bottle,Sports & Outdoors,East,In-Store,2,18.3,36.6,CUST-1300
ORD-101420,2025-10-19,Smart TV,Electronics,West,Online,2,613.72,1227.44,CUST-1106
ORD-101421,2024-06-07,Smartphone,Electronics,East,Affiliate,1,775.0,775.0,CUST-1084
ORD-101422,2026-03-02,Leather Jacket,Fashion,South,Online,4,196.75,787.0,CUST-1237
ORD-101423,2025-12-15,Smartphone,Electronics,West,In-Store,4,730.41,2921.64,CUST-1325
ORD-101424,2024-05-27,Skincare Gift Set,Beauty & Personal Care,West,,1,41.07,41.07,CUST-1297
ORD-101425,2025-10-06,Wireless Headphones,Electronics,East,In-Store,3,130.81,392.43,CUST-1000
ORD-101426,2025-05-16,Leather Jacket,Fashion,North,In-Store,2,168.73,337.46,CUST-1216
ORD-101427,2024-11-23,Dumbbells,Sports & Outdoors,East,In-Store,1,51.68,51.68,CUST-1332
ORD-101428,2026-02-18,Essential Oil Diffuser,Beauty & Personal Care,North,Online,1,32.82,32.82,CUST-1262
ORD-101429,2026-03-02,Ergonomic Chair,Home & Kitchen,South,In-Store,1,229.89,229.89,CUST-1306
ORD-101430,2025-03-03,Hair Dryer,Beauty & Personal Care,South,Online,5,62.51,312.55,CUST-1048
ORD-101431,2026-03-31,Coffee Maker,Home & Kitchen,North,In-Store,1,91.08,91.08,CUST-1053
ORD-101432,2026-03-31,Leather Journal,Books & Stationery,West,Online,2,27.86,55.72,CUST-1376
ORD-101433,2025-04-07,Winter Coat,Fashion,North,Online,2,160.66,321.32,CUST-1110
ORD-101434,2025-09-11,Winter Coat,Fashion,West,Online,2,150.84,301.68,CUST-1313
ORD-101435,2025-07-22,Sunglasses,Fashion,South,Wholesale,28,65.57,1835.96,CUST-1345
ORD-101436,2024-03-12,Sunglasses,Fashion,West,Online,3,56.03,168.09,CUST-1024
ORD-101437,2025-10-04,Self-Help Best Seller,Books & Stationery,South,In-Store,4,21.15,84.6,CUST-1119
ORD-101438,2024-06-09,Smartwatch,Electronics,North,Online,1,219.0,219.0,CUST-1399
ORD-101439,2025-09-27,Smartwatch,Electronics,East,Online,2,225.15,450.3,CUST-1098
ORD-101440,2025-06-09,Camping Tent,Sports & Outdoors,South,In-Store,3,177.72,533.16,CUST-1367
ORD-101441,2025-06-16,Ergonomic Chair,Home & Kitchen,North,Wholesale,46,159.06,7316.76,CUST-1246
ORD-101442,2024-01-05,Hair Dryer,Beauty & Personal Care,West,Online,3,64.11,192.33,CUST-1168
ORD-101443,2026-01-30,Smartwatch,Electronics,West,Online,2,213.93,427.86,CUST-1330
ORD-101444,2024-12-16,Dumbbells,Sports & Outdoors,West,Online,3,36.04,108.12,CUST-1019
ORD-101445,2025-04-05,Fitness Tracker,Sports & Outdoors,West,In-Store,1,78.13,78.13,CUST-1022
ORD-101446,2025-12-19,Fountain Pen,Books & Stationery,East,In-Store,1,35.48,35.48,CUST-1253
ORD-101447,2024-02-07,Blender,Home & Kitchen,West,Wholesale,50,56.89,2844.5,CUST-1122
ORD-101448,2025-11-15,Fountain Pen,Books & Stationery,South,Online,1,49.79,49.79,CUST-1025
ORD-101449,2026-03-14,Winter Coat,Fashion,South,Affiliate,1,161.16,161.16,CUST-1282
ORD-101450,2025-04-17,Smart TV,Electronics,West,Affiliate,3,600.04,1800.12,CUST-1344
ORD-101451,2024-09-22,Winter Coat,Fashion,North,In-Store,1,142.58,142.58,CUST-1190
ORD-101452,2024-05-21,Fountain Pen,Books & Stationery,East,Online,1,37.37,37.37,CUST-1018
ORD-101453,2024-10-16,Leather Journal,Books & Stationery,East,Online,4,21.31,85.24,CUST-1373
ORD-101454,2024-06-04,Yoga Mat,Sports & Outdoors,East,Online,2,28.76,57.52,CUST-1068
ORD-101455,2025-08-28,Leather Jacket,Fashion,North,Online,1,190.72,190.72,CUST-1368
ORD-101456,2025-12-24,Ergonomic Chair,Home & Kitchen,South,In-Store,2,195.18,390.36,CUST-1278
ORD-101457,2026-04-15,Ergonomic Chair,Home & Kitchen,East,Online,3,216.95,650.85,CUST-1232
ORD-101458,2025-07-20,Laptop,Electronics,North,Online,2,916.7,1833.4,CUST-1064
ORD-101459,2025-08-03,Dumbbells,Sports & Outdoors,South,Affiliate,2,53.48,106.96,CUST-1026
ORD-101460,2025-07-03,Hair Dryer,Beauty & Personal Care,South,Online,4,75.93,303.72,CUST-1212
ORD-101461,2024-10-20,Sunglasses,Fashion,South,Online,1,59.06,59.06,CUST-1145
ORD-101462,2025-03-16,Dumbbells,Sports & Outdoors,West,In-Store,3,55.62,166.86,CUST-1384
ORD-101463,2024-11-09,Skincare Gift Set,Beauty & Personal Care,North,Online,2,45.92,91.84,CUST-1317
ORD-101464,2025-08-21,Fitness Tracker,Sports & Outdoors,South,Wholesale,42,52.14,2189.88,CUST-1222
ORD-101465,2026-05-13,Coffee Maker,Home & Kitchen,South,Online,3,98.81,296.43,CUST-1392
ORD-101466,2025-12-03,Self-Help Best Seller,Books & Stationery,East,Online,1,17.74,17.74,CUST-1276
ORD-101467,2024-11-07,Dumbbells,Sports & Outdoors,South,Wholesale,47,47.93,2252.71,CUST-1070
ORD-101468,2025-06-03,Smartphone,Electronics,South,Online,1,752.97,752.97,CUST-1354
ORD-101469,2025-04-22,Desk Organizer,Books & Stationery,East,In-Store,2,31.25,62.5,CUST-1012
ORD-101470,2025-03-18,Desk Organizer,Books & Stationery,South,Online,1,31.79,31.79,CUST-1392
ORD-101471,2025-12-05,Running Shoes,Fashion,South,Online,1,109.45,109.45,CUST-1310
ORD-101472,2024-01-19,Air Fryer,Home & Kitchen,East,Wholesale,38,85.37,3244.06,CUST-1027
ORD-101473,2025-06-13,Wireless Headphones,Electronics,East,Online,2,137.14,274.28,CUST-1211
ORD-101474,2024-09-27,Smartwatch,Electronics,West,Online,2,226.25,452.5,CUST-1255
ORD-101475,2025-04-07,Hair Dryer,Beauty & Personal Care,West,In-Store,4,60.91,243.64,CUST-1286
ORD-101476,2024-02-12,Laptop,Electronics,West,Online,2,989.42,1978.84,CUST-1341
ORD-101477,2026-04-29,Hiking Backpack,Sports & Outdoors,East,In-Store,4,83.75,335.0,CUST-1122
ORD-101478,2025-08-08,Water Bottle,Sports & Outdoors,West,Online,2,20.99,41.98,CUST-1025
ORD-101479,2025-01-15,Leather Jacket,Fashion,North,In-Store,3,152.39,457.17,CUST-1026
ORD-101480,2025-08-05,Leather Journal,Books & Stationery,East,Affiliate,1,24.12,24.12,CUST-1348
ORD-101481,2024-03-21,Robotic Vacuum,Home & Kitchen,West,In-Store,5,293.74,1468.7,CUST-1280
ORD-101482,2024-02-28,Leather Journal,Books & Stationery,South,Online,1,24.38,24.38,CUST-1145
ORD-101483,2025-12-28,Desk Organizer,Books & Stationery,South,Online,3,25.67,77.01,CUST-1244
ORD-101484,2026-01-26,Fitness Tracker,Sports & Outdoors,West,Online,2,53.99,107.98,CUST-1256
ORD-101485,2024-02-17,Sci-Fi Novel,Books & Stationery,South,In-Store,2,17.99,35.98,CUST-1346
ORD-101486,2024-06-26,Laptop,Electronics,South,Online,1,924.25,924.25,CUST-1238
ORD-101487,2026-01-31,Laptop,Electronics,South,Online,4,950.89,3803.56,CUST-1039
ORD-101488,2024-07-11,Yoga Mat,Sports & Outdoors,South,In-Store,2,25.37,50.74,CUST-1344
ORD-101489,2025-03-16,Robotic Vacuum,Home & Kitchen,North,Online,2,261.23,522.46,CUST-1352
ORD-101490,2024-11-07,Essential Oil Diffuser,Beauty & Personal Care,West,Wholesale,55,21.39,1176.45,CUST-1148
ORD-101491,2026-01-30,Leather Jacket,Fashion,North,Online,3,177.88,533.64,CUST-1281
ORD-101492,2025-03-12,Cookware Set,Home & Kitchen,South,Online,2,121.79,243.58,CUST-1103
ORD-101493,2024-07-10,Robotic Vacuum,Home & Kitchen,North,Online,4,281.53,1126.12,CUST-1129
ORD-101494,2024-08-27,Sci-Fi Novel,Books & Stationery,West,Wholesale,20,13.25,265.0,CUST-1270
ORD-101495,2025-06-15,Makeup Kit,Beauty & Personal Care,East,Online,2,50.04,100.08,CUST-1008
ORD-101496,2025-04-03,Self-Help Best Seller,Books & Stationery,North,Online,3,20.05,60.15,CUST-1156
ORD-101497,2026-04-10,Essential Oil Diffuser,Beauty & Personal Care,South,Online,2,31.71,63.42,CUST-1102
ORD-101498,2024-11-11,Smartwatch,Electronics,South,In-Store,4,217.55,870.2,CUST-1166
ORD-101499,2024-09-03,Hiking Backpack,Sports & Outdoors,South,In-Store,3,81.16,243.48,CUST-1394
ORD-101500,2025-05-20,Ergonomic Chair,Home & Kitchen,East,In-Store,4,192.72,770.88,CUST-1236
ORD-101501,2024-04-26,Camping Tent,Sports & Outdoors,South,Online,1,159.63,159.63,CUST-1136
ORD-101502,2025-08-14,Smartphone,Electronics,North,Wholesale,33,624.15,20596.95,CUST-1269
ORD-101503,2024-05-06,Cookware Set,Home & Kitchen,South,In-Store,1,130.21,130.21,CUST-1262
ORD-101504,2025-02-01,Camping Tent,Sports & Outdoors,West,Wholesale,19,130.98,2488.62,CUST-1221
ORD-101505,2024-08-01,Leather Jacket,Fashion,South,In-Store,2,196.88,393.76,CUST-1013
ORD-101506,2025-01-23,Perfume,Beauty & Personal Care,North,In-Store,2,76.69,153.38,CUST-1274
ORD-101507,2025-06-12,Yoga Mat,Sports & Outdoors,South,Online,5,35.08,175.4,CUST-1077
ORD-101508,2025-07-21,Leather Jacket,Fashion,North,Affiliate,3,181.1,543.3,CUST-1068
ORD-101509,2026-05-02,Makeup Kit,Beauty & Personal Care,South,Affiliate,1,54.09,54.09,CUST-1092
ORD-101510,2024-10-20,Robotic Vacuum,Home & Kitchen,West,Online,3,287.79,863.37,CUST-1188
ORD-101511,2024-06-06,Ergonomic Chair,Home & Kitchen,West,Online,1,204.07,204.07,CUST-1337
ORD-101512,2025-12-28,Laptop,Electronics,West,Online,1,978.98,978.98,CUST-1296
ORD-101513,2025-09-11,Perfume,Beauty & Personal Care,East,Online,2,64.6,129.2,CUST-1280
ORD-101514,2025-05-25,Robotic Vacuum,Home & Kitchen,South,Online,2,276.77,553.54,CUST-1141
ORD-101515,2025-10-31,Self-Help Best Seller,Books & Stationery,West,In-Store,1,15.07,15.07,CUST-1034
ORD-101516,2025-06-18,Fountain Pen,Books & Stationery,North,Online,1,47.45,47.45,CUST-1314
ORD-101517,2024-05-07,Casual T-Shirt,Fashion,West,Online,1,25.9,25.9,CUST-1297
ORD-101518,2024-11-04,Coffee Maker,Home & Kitchen,South,In-Store,1,98.23,98.23,CUST-1121
ORD-101519,2024-12-13,Desk Organizer,Books & Stationery,West,Online,4,30.46,121.84,CUST-1347
ORD-101520,2025-10-02,Leather Jacket,Fashion,West,In-Store,1,177.84,177.84,CUST-1388
ORD-101521,2025-08-09,Self-Help Best Seller,Books & Stationery,South,In-Store,1,22.29,22.29,CUST-1246
ORD-101522,2025-04-11,Smartphone,Electronics,West,Wholesale,50,657.9,32895.0,CUST-1333
ORD-101523,2025-02-23,Bluetooth Speaker,Electronics,North,Online,2,77.56,155.12,CUST-1183
ORD-101524,2024-09-16,Designer Jeans,Fashion,South,In-Store,2,85.06,170.12,CUST-1264
ORD-101525,2026-02-21,Wireless Headphones,Electronics,East,Wholesale,33,122.37,4038.21,CUST-1312
ORD-101526,2025-08-26,Blender,Home & Kitchen,East,Wholesale,17,58.62,996.54,CUST-1145
ORD-101527,2024-06-01,Casual T-Shirt,Fashion,North,Online,4,28.76,115.04,CUST-1246
ORD-101528,2024-09-10,Casual T-Shirt,Fashion,South,Online,2,29.52,59.04,CUST-1112
ORD-101529,2024-09-08,Hair Dryer,Beauty & Personal Care,East,Online,3,75.26,225.78,CUST-1146
ORD-101530,2025-11-14,Cookware Set,Home & Kitchen,West,In-Store,4,136.71,546.84,CUST-1341
ORD-101531,2026-03-08,Fitness Tracker,Sports & Outdoors,East,Wholesale,55,62.26,3424.3,CUST-1161
ORD-101532,2026-03-17,Water Bottle,Sports & Outdoors,East,Online,3,18.85,56.55,CUST-1172
ORD-101533,2025-04-21,Hair Dryer,Beauty & Personal Care,South,Online,2,53.95,107.9,CUST-1004
ORD-101534,2024-12-16,Smartphone,Electronics,South,Online,2,786.11,1572.22,CUST-1152
ORD-101535,2024-02-22,Self-Help Best Seller,Books & Stationery,West,Online,5,19.25,96.25,CUST-1217
ORD-101536,2026-01-07,Camping Tent,Sports & Outdoors,North,In-Store,1,154.48,154.48,CUST-1396
ORD-101537,2024-07-25,Bluetooth Speaker,Electronics,West,Online,3,74.36,223.08,CUST-1018
ORD-101538,2024-01-23,Skincare Gift Set,Beauty & Personal Care,South,Online,2,54.68,109.36,CUST-1306
ORD-101539,2025-05-14,Essential Oil Diffuser,Beauty & Personal Care,South,Online,1,34.88,34.88,CUST-1118
ORD-101540,2025-04-27,Essential Oil Diffuser,Beauty & Personal Care,,Online,2,31.33,62.66,CUST-1335
ORD-101541,2024-10-15,Makeup Kit,Beauty & Personal Care,North,Wholesale,46,48.77,2243.42,CUST-1399
ORD-101542,2024-04-18,Water Bottle,Sports & Outdoors,East,In-Store,1,17.04,17.04,CUST-1362
ORD-101543,2025-01-16,Smart TV,Electronics,South,Wholesale,36,548.34,19740.24,CUST-1289
ORD-101544,2025-03-01,Desk Organizer,Books & Stationery,South,Wholesale,46,25.04,1151.84,CUST-1009
ORD-101545,2024-05-30,Yoga Mat,Sports & Outdoors,South,Online,2,28.06,56.12,CUST-1033
ORD-101546,2024-04-14,Leather Journal,Books & Stationery,West,In-Store,2,20.21,40.42,CUST-1274
ORD-101547,2026-03-26,Essential Oil Diffuser,Beauty & Personal Care,South,In-Store,2,32.56,65.12,CUST-1175
ORD-101548,2026-05-04,Hiking Backpack,Sports & Outdoors,West,Online,2,92.84,185.68,CUST-1336
ORD-101549,2025-12-25,Designer Jeans,Fashion,East,Online,2,94.35,188.7,CUST-1297
ORD-101550,2024-08-31,Ergonomic Chair,Home & Kitchen,North,Online,3,193.68,581.04,CUST-1245
ORD-101551,2026-05-07,Ergonomic Chair,Home & Kitchen,East,In-Store,2,225.94,451.88,CUST-1107
ORD-101552,2024-10-30,Smartphone,Electronics,West,In-Store,3,726.51,2179.53,CUST-1023
ORD-101553,2025-11-17,Water Bottle,Sports & Outdoors,North,In-Store,4,23.18,92.72,CUST-1030
ORD-101554,2025-12-10,Bluetooth Speaker,Electronics,West,Affiliate,1,60.49,60.49,CUST-1337
ORD-101555,2025-11-04,Essential Oil Diffuser,Beauty & Personal Care,West,In-Store,2,25.56,51.12,CUST-1222
ORD-101556,2024-09-15,Leather Jacket,Fashion,South,In-Store,1,188.23,188.23,CUST-1172
ORD-101557,2026-03-07,Running Shoes,Fashion,East,Wholesale,59,92.04,5430.36,CUST-1194
ORD-101558,2024-11-02,Ergonomic Chair,Home & Kitchen,East,Online,2,203.11,406.22,CUST-1136
ORD-101559,2025-06-23,Hiking Backpack,Sports & Outdoors,South,Online,1,76.84,76.84,CUST-1189
ORD-101560,2024-10-31,Air Fryer,Home & Kitchen,West,Online,4,116.9,467.6,CUST-1000
ORD-101561,2024-08-04,Bluetooth Speaker,Electronics,West,Online,2,60.67,121.34,CUST-1334
ORD-101562,2024-06-03,Perfume,Beauty & Personal Care,South,In-Store,3,87.97,263.91,CUST-1143
ORD-101563,2025-11-14,Cookware Set,Home & Kitchen,East,In-Store,3,137.44,412.32,CUST-1241
ORD-101564,2025-09-13,Desk Organizer,Books & Stationery,North,Wholesale,40,28.83,1153.2,CUST-1057
ORD-101565,2025-02-26,Sunglasses,Fashion,South,Affiliate,2,71.2,142.4,CUST-1372
ORD-101566,2025-12-17,Smart TV,Electronics,North,Online,1,606.58,606.58,CUST-1333
ORD-101567,2024-02-01,Running Shoes,Fashion,West,Online,4,90.68,362.72,CUST-1190
ORD-101568,2025-06-03,Hair Dryer,Beauty & Personal Care,North,In-Store,2,54.27,108.54,CUST-1398
ORD-101569,2024-02-22,Designer Jeans,Fashion,North,In-Store,1,91.57,91.57,CUST-1097
ORD-101570,2024-02-03,Blender,Home & Kitchen,South,Online,3,65.31,195.93,CUST-1111
ORD-101571,2026-05-14,Smartphone,Electronics,West,Online,2,756.57,1513.14,CUST-1154
ORD-101572,2026-02-22,Dumbbells,Sports & Outdoors,East,Online,5,52.97,264.85,CUST-1194
ORD-101573,2026-02-18,Perfume,Beauty & Personal Care,North,Online,5,85.87,429.35,CUST-1078
ORD-101574,2025-11-21,Fitness Tracker,Sports & Outdoors,East,Affiliate,3,53.81,161.43,CUST-1313
ORD-101575,2024-09-03,Hiking Backpack,Sports & Outdoors,East,Affiliate,1,81.14,81.14,CUST-1116
ORD-101576,2025-07-15,Self-Help Best Seller,Books & Stationery,South,Online,1,21.38,21.38,CUST-1141
ORD-101577,2026-02-18,Camping Tent,Sports & Outdoors,South,Online,1,141.95,141.95,CUST-1277
ORD-101578,2025-08-17,Bluetooth Speaker,Electronics,West,Online,5,60.88,304.4,CUST-1065
ORD-101579,2026-03-31,Perfume,Beauty & Personal Care,East,Online,3,73.34,220.02,CUST-1130
ORD-101580,2026-05-04,Skincare Gift Set,Beauty & Personal Care,West,Wholesale,20,50.49,1009.8,CUST-1142
ORD-101581,2024-02-06,Leather Journal,Books & Stationery,West,Online,3,25.05,75.15,CUST-1229
ORD-101582,2024-07-11,Bluetooth Speaker,Electronics,East,In-Store,2,66.1,132.2,CUST-1267
ORD-101583,2024-12-06,Hair Dryer,Beauty & Personal Care,East,,3,57.69,173.07,CUST-1118
ORD-101584,2025-11-10,Hiking Backpack,Sports & Outdoors,North,Online,1,70.22,70.22,CUST-1296
ORD-101585,2025-12-27,Smart TV,Electronics,West,Online,4,631.73,2526.92,CUST-1373
ORD-101586,2024-02-06,Fountain Pen,Books & Stationery,East,Online,2,35.98,71.96,CUST-1151
ORD-101587,2024-12-30,Cookware Set,Home & Kitchen,South,In-Store,1,153.04,153.04,CUST-1100
ORD-101588,2025-08-02,Fitness Tracker,Sports & Outdoors,South,In-Store,1,59.2,59.2,CUST-1166
ORD-101589,2024-10-10,Smartphone,Electronics,North,In-Store,1,767.2,767.2,CUST-1009
ORD-101590,2024-07-21,Sunglasses,Fashion,North,Wholesale,27,47.98,1295.46,CUST-1297
ORD-101591,2025-01-06,Smartphone,Electronics,West,Online,2,731.44,1462.88,CUST-1014
ORD-101592,2026-01-19,Hiking Backpack,Sports & Outdoors,East,Online,3,90.26,270.78,CUST-1284
ORD-101593,2024-05-30,Laptop,Electronics,East,In-Store,2,979.88,1959.76,CUST-1380
ORD-101594,2024-11-02,Sci-Fi Novel,Books & Stationery,East,Online,2,14.84,29.68,CUST-1302
ORD-101595,2025-03-13,Winter Coat,Fashion,South,Online,1,177.44,177.44,CUST-1170
ORD-101596,2025-11-25,Fountain Pen,Books & Stationery,South,In-Store,1,37.93,37.93,CUST-1163
ORD-101597,2024-10-11,Laptop,Electronics,North,In-Store,3,968.58,2905.74,CUST-1305
ORD-101598,2025-12-05,Fountain Pen,Books & Stationery,East,Affiliate,1,46.76,46.76,CUST-1265
ORD-101599,2025-06-15,Hair Dryer,Beauty & Personal Care,East,Wholesale,18,51.42,925.56,CUST-1107
ORD-101600,2026-01-23,Designer Jeans,Fashion,South,,2,82.42,164.84,CUST-1371
ORD-101601,2025-03-09,Essential Oil Diffuser,Beauty & Personal Care,South,Affiliate,1,26.21,26.21,CUST-1008
ORD-101602,2025-07-10,Bluetooth Speaker,Electronics,North,Online,1,77.21,77.21,CUST-1148
ORD-101603,2025-11-27,Hair Dryer,Beauty & Personal Care,South,Wholesale,43,44.65,1919.95,CUST-1041
ORD-101604,2026-02-09,Hair Dryer,Beauty & Personal Care,North,Online,1,65.61,65.61,CUST-1130
ORD-101605,2026-03-13,Hair Dryer,Beauty & Personal Care,South,Wholesale,42,57.08,2397.36,CUST-1029
ORD-101606,2024-12-16,Essential Oil Diffuser,Beauty & Personal Care,East,Online,1,30.09,30.09,CUST-1291
ORD-101607,2024-03-31,Perfume,Beauty & Personal Care,West,Online,3,86.98,260.94,CUST-1191
ORD-101608,2025-05-30,Designer Jeans,Fashion,South,In-Store,1,94.0,94.0,CUST-1359
ORD-101609,2025-12-13,Running Shoes,Fashion,East,In-Store,4,101.32,405.28,CUST-1286
ORD-101610,2024-09-15,Ergonomic Chair,Home & Kitchen,South,Online,5,222.77,1113.85,CUST-1354
ORD-101611,2024-11-15,Self-Help Best Seller,Books & Stationery,East,In-Store,1,20.59,20.59,CUST-1151
ORD-101612,2024-04-04,Sci-Fi Novel,Books & Stationery,South,Online,1,15.74,15.74,CUST-1399
ORD-101613,2025-04-08,Ergonomic Chair,Home & Kitchen,North,Wholesale,52,166.57,8661.64,CUST-1044
ORD-101614,2026-04-28,Fountain Pen,Books & Stationery,South,Online,1,47.72,47.72,CUST-1251
ORD-101615,2024-11-25,Ergonomic Chair,Home & Kitchen,West,Online,4,205.04,820.16,CUST-1049
ORD-101616,2024-09-22,Cookware Set,Home & Kitchen,West,Wholesale,35,129.66,4538.1,CUST-1315
ORD-101617,2026-03-23,Camping Tent,Sports & Outdoors,West,Wholesale,17,126.06,2143.02,CUST-1269
ORD-101618,2024-07-23,Smart TV,Electronics,South,Online,1,645.26,645.26,CUST-1186
ORD-101619,2024-12-02,Bluetooth Speaker,Electronics,South,Online,3,63.27,189.81,CUST-1020
ORD-101620,2026-03-03,Yoga Mat,Sports & Outdoors,South,In-Store,1,26.46,26.46,CUST-1271
ORD-101621,2026-03-04,Yoga Mat,Sports & Outdoors,North,Online,4,25.66,102.64,CUST-1282
ORD-101622,2026-05-11,Air Fryer,Home & Kitchen,South,Online,1,119.52,119.52,CUST-1097
ORD-101623,2025-05-22,Laptop,Electronics,East,Online,2,919.67,1839.34,CUST-1111
ORD-101624,2026-04-22,Smart TV,Electronics,South,In-Store,3,603.79,1811.37,CUST-1203
ORD-101625,2025-04-20,Robotic Vacuum,Home & Kitchen,South,Affiliate,1,278.6,278.6,CUST-1282
ORD-101626,2024-10-13,Smartwatch,Electronics,East,Online,1,206.49,206.49,CUST-1273
ORD-101627,2024-11-28,Sunglasses,Fashion,West,Affiliate,2,69.32,138.64,CUST-1210
ORD-101628,2026-03-27,Robotic Vacuum,Home & Kitchen,North,Online,4,290.69,1162.76,CUST-1303
ORD-101629,2025-05-01,Fitness Tracker,Sports & Outdoors,West,In-Store,2,75.73,151.46,CUST-1200
ORD-101630,2025-12-05,Self-Help Best Seller,Books & Stationery,North,Online,3,19.06,57.18,CUST-1170
ORD-101631,2024-02-20,Wireless Headphones,Electronics,West,Wholesale,31,114.86,3560.66,CUST-1362
ORD-101632,2024-11-20,Winter Coat,Fashion,East,Affiliate,1,137.55,137.55,CUST-1004
ORD-101633,2024-06-24,Desk Organizer,Books & Stationery,North,In-Store,3,27.18,81.54,CUST-1091
ORD-101634,2025-09-11,Yoga Mat,Sports & Outdoors,West,Online,2,36.08,72.16,CUST-1364
ORD-101635,2026-01-22,Fountain Pen,Books & Stationery,East,Online,3,33.65,100.95,CUST-1010
ORD-101636,2024-04-15,Makeup Kit,Beauty & Personal Care,West,Online,1,61.59,61.59,CUST-1215
ORD-101637,2025-07-28,Essential Oil Diffuser,Beauty & Personal Care,West,Online,1,26.59,26.59,CUST-1378
ORD-101638,2024-09-11,Fitness Tracker,Sports & Outdoors,South,Online,1,57.21,57.21,CUST-1158
ORD-101639,2024-04-09,Dumbbells,Sports & Outdoors,West,In-Store,3,49.66,148.98,CUST-1164
ORD-101640,2026-03-25,Self-Help Best Seller,Books & Stationery,South,In-Store,4,21.29,85.16,CUST-1166
ORD-101641,2026-05-11,Skincare Gift Set,Beauty & Personal Care,North,Online,1,56.86,56.86,CUST-1144
ORD-101642,2025-09-05,Wireless Headphones,Electronics,East,Affiliate,4,148.05,592.2,CUST-1391
ORD-101643,2025-04-23,Hair Dryer,Beauty & Personal Care,South,Online,2,77.06,154.12,CUST-1069
ORD-101644,2024-11-13,Skincare Gift Set,Beauty & Personal Care,South,Online,2,40.29,80.58,CUST-1311
ORD-101645,2024-05-31,Hair Dryer,Beauty & Personal Care,South,Affiliate,1,71.03,71.03,CUST-1356
ORD-101646,2025-07-23,Smartphone,Electronics,North,Online,2,715.45,1430.9,CUST-1208
ORD-101647,2024-07-04,Water Bottle,Sports & Outdoors,South,In-Store,1,19.7,19.7,CUST-1288
ORD-101648,2024-12-05,Self-Help Best Seller,Books & Stationery,North,Online,2,18.17,36.34,CUST-1152
ORD-101649,2024-05-28,Water Bottle,Sports & Outdoors,West,In-Store,3,15.66,46.98,CUST-1023
ORD-101650,2026-02-16,Makeup Kit,Beauty & Personal Care,East,In-Store,3,54.03,162.09,CUST-1213
ORD-101651,2025-01-10,Water Bottle,Sports & Outdoors,West,Wholesale,32,17.87,571.84,CUST-1107
ORD-101652,2024-02-17,Camping Tent,Sports & Outdoors,South,Online,1,174.05,174.05,CUST-1387
ORD-101653,2024-08-09,Designer Jeans,Fashion,East,Online,1,86.46,86.46,CUST-1034
ORD-101654,2024-08-04,Essential Oil Diffuser,Beauty & Personal Care,West,In-Store,3,26.85,80.55,CUST-1201
ORD-101655,2024-12-31,Hiking Backpack,Sports & Outdoors,North,In-Store,1,77.18,77.18,CUST-1360
ORD-101656,2025-02-27,Desk Organizer,Books & Stationery,South,Affiliate,1,26.35,26.35,CUST-1143
ORD-101657,2024-04-19,Running Shoes,Fashion,North,Online,3,115.38,346.14,CUST-1286
ORD-101658,2024-03-06,Perfume,Beauty & Personal Care,North,Online,2,64.11,128.22,CUST-1087
ORD-101659,2024-08-27,Bluetooth Speaker,Electronics,North,In-Store,4,75.03,300.12,CUST-1024
ORD-101660,2024-05-24,Camping Tent,Sports & Outdoors,North,In-Store,3,156.84,470.52,CUST-1252
ORD-101661,2024-03-12,Ergonomic Chair,Home & Kitchen,West,Affiliate,3,199.58,598.74,CUST-1006
ORD-101662,2025-10-06,Cookware Set,Home & Kitchen,South,Online,5,153.5,767.5,CUST-1359
ORD-101663,2024-08-18,Winter Coat,Fashion,West,In-Store,1,133.52,133.52,CUST-1388
ORD-101664,2025-12-05,Air Fryer,Home & Kitchen,South,Wholesale,19,79.74,1515.06,CUST-1094
ORD-101665,2025-02-09,Self-Help Best Seller,Books & Stationery,North,Online,1,21.77,21.77,CUST-1106
ORD-101666,2024-06-21,Self-Help Best Seller,Books & Stationery,North,Affiliate,2,20.4,40.8,CUST-1258
ORD-101667,2025-04-24,Ergonomic Chair,Home & Kitchen,East,Affiliate,1,195.45,195.45,CUST-1014
ORD-101668,2025-03-07,Robotic Vacuum,Home & Kitchen,South,In-Store,1,289.3,289.3,CUST-1289
ORD-101669,2025-06-27,Blender,Home & Kitchen,South,Online,1,50.47,50.47,CUST-1258
ORD-101670,2024-09-05,Running Shoes,Fashion,South,In-Store,2,109.5,219.0,CUST-1330
ORD-101671,2025-03-19,Running Shoes,Fashion,South,Online,1,106.92,106.92,CUST-1072
ORD-101672,2025-11-13,Hiking Backpack,Sports & Outdoors,South,In-Store,5,99.31,496.55,CUST-1300
ORD-101673,2026-05-03,Air Fryer,Home & Kitchen,West,In-Store,2,102.12,204.24,CUST-1359
ORD-101674,2024-11-24,Self-Help Best Seller,Books & Stationery,North,Online,1,19.68,19.68,CUST-1257
ORD-101675,2025-04-27,Air Fryer,Home & Kitchen,South,Online,3,106.98,320.94,CUST-1261
ORD-101676,2026-03-29,Coffee Maker,Home & Kitchen,North,Online,4,97.24,388.96,CUST-1035
ORD-101677,2025-04-18,Hair Dryer,Beauty & Personal Care,North,Online,2,57.85,115.7,CUST-1078
ORD-101678,2025-03-19,Leather Journal,Books & Stationery,South,Online,1,24.37,24.37,CUST-1174
ORD-101679,2024-04-09,Leather Journal,Books & Stationery,South,Online,3,22.35,67.05,CUST-1397
ORD-101680,2025-08-09,Sci-Fi Novel,Books & Stationery,East,Online,2,16.56,33.12,CUST-1317
ORD-101681,2024-12-28,Hair Dryer,Beauty & Personal Care,North,Online,1,68.94,68.94,CUST-1122
ORD-101682,2024-02-07,Desk Organizer,Books & Stationery,North,In-Store,1,31.07,31.07,CUST-1361
ORD-101683,2025-01-28,Casual T-Shirt,Fashion,East,In-Store,1,22.08,22.08,CUST-1176
ORD-101684,2025-08-06,Leather Journal,Books & Stationery,East,Online,2,24.22,48.44,CUST-1282
ORD-101685,2025-06-03,Leather Jacket,Fashion,South,Online,2,191.92,383.84,CUST-1130
ORD-101686,2024-09-26,Makeup Kit,Beauty & Personal Care,West,Online,2,58.27,116.54,CUST-1293
ORD-101687,2025-03-09,Leather Journal,Books & Stationery,North,Online,1,26.63,26.63,CUST-1054
ORD-101688,2025-01-17,Water Bottle,Sports & Outdoors,East,In-Store,2,23.89,47.78,CUST-1066
ORD-101689,2024-12-08,Smartphone,Electronics,North,In-Store,1,705.89,705.89,CUST-1176
ORD-101690,2025-06-17,Fitness Tracker,Sports & Outdoors,West,Wholesale,51,53.96,2751.96,CUST-1127
ORD-101691,2025-07-10,Bluetooth Speaker,Electronics,West,Affiliate,4,62.6,250.4,CUST-1342
ORD-101692,2025-07-28,Robotic Vacuum,Home & Kitchen,East,In-Store,5,285.9,1429.5,CUST-1242
ORD-101693,2025-07-21,Hair Dryer,Beauty & Personal Care,South,Online,1,50.14,50.14,CUST-1189
ORD-101694,2025-08-13,Designer Jeans,Fashion,East,Online,2,89.7,179.4,CUST-1315
ORD-101695,2025-05-11,Smartwatch,Electronics,North,Affiliate,1,217.77,217.77,CUST-1344
ORD-101696,2024-12-14,Dumbbells,Sports & Outdoors,North,Online,5,50.47,252.35,CUST-1073
ORD-101697,2026-02-13,Leather Journal,Books & Stationery,North,Online,1,21.32,21.32,CUST-1384
ORD-101698,2024-08-19,Air Fryer,Home & Kitchen,North,In-Store,3,96.37,289.11,CUST-1277
ORD-101699,2025-11-24,Yoga Mat,Sports & Outdoors,North,Online,2,39.72,79.44,CUST-1092
ORD-101700,2025-04-04,Leather Jacket,Fashion,North,Online,4,189.55,758.2,CUST-1217
ORD-101701,2026-01-25,Ergonomic Chair,Home & Kitchen,North,Wholesale,23,169.6,3900.8,CUST-1074
ORD-101702,2025-01-10,Coffee Maker,Home & Kitchen,West,In-Store,5,99.79,498.95,CUST-1235
ORD-101703,2024-09-16,Leather Journal,Books & Stationery,South,Online,2,23.38,46.76,CUST-1121
ORD-101704,2026-01-15,Running Shoes,Fashion,East,Online,2,119.45,238.9,CUST-1146
ORD-101705,2024-11-27,Ergonomic Chair,Home & Kitchen,East,Online,5,197.22,986.1,CUST-1083
ORD-101706,2026-04-15,Perfume,Beauty & Personal Care,South,In-Store,1,60.5,60.5,CUST-1029
ORD-101707,2024-05-05,Essential Oil Diffuser,Beauty & Personal Care,,Online,5,28.98,144.9,CUST-1024
ORD-101708,2025-05-28,Desk Organizer,Books & Stationery,East,Online,4,27.72,110.88,CUST-1220
ORD-101709,2024-12-08,Winter Coat,Fashion,East,In-Store,3,177.82,533.46,CUST-1247
ORD-101710,2026-01-12,Cookware Set,Home & Kitchen,North,Wholesale,15,124.42,1866.3,CUST-1160
ORD-101711,2024-09-11,Wireless Headphones,Electronics,North,Online,4,145.79,583.16,CUST-1138
ORD-101712,2024-04-06,Laptop,Electronics,East,Online,3,995.49,2986.47,CUST-1287
ORD-101713,2024-05-17,Winter Coat,Fashion,West,In-Store,1,151.57,151.57,CUST-1199
ORD-101714,2026-02-02,Smart TV,Electronics,East,Wholesale,35,527.87,18475.45,CUST-1260
ORD-101715,2024-12-06,Laptop,Electronics,East,In-Store,2,906.38,1812.76,CUST-1038
ORD-101716,2024-06-10,Dumbbells,Sports & Outdoors,West,Online,3,48.78,146.34,CUST-1027
ORD-101717,2024-12-21,Laptop,Electronics,North,In-Store,4,996.06,3984.24,CUST-1198
ORD-101718,2024-07-10,Bluetooth Speaker,Electronics,South,In-Store,2,70.7,141.4,CUST-1118
ORD-101719,2025-07-30,Sunglasses,Fashion,East,Online,1,55.68,55.68,CUST-1106
ORD-101720,2024-01-12,Robotic Vacuum,Home & Kitchen,East,Online,1,260.69,260.69,CUST-1298
ORD-101721,2024-02-03,Laptop,Electronics,North,In-Store,4,936.66,3746.64,CUST-1023
ORD-101722,2024-08-08,Leather Journal,Books & Stationery,West,In-Store,1,24.41,24.41,CUST-1266
ORD-101723,2025-09-17,Makeup Kit,Beauty & Personal Care,North,Online,5,54.48,272.4,CUST-1398
ORD-101724,2025-12-02,Sci-Fi Novel,Books & Stationery,South,In-Store,1,17.99,17.99,CUST-1015
ORD-101725,2024-10-23,Smartphone,Electronics,West,Online,4,704.24,2816.96,CUST-1334
ORD-101726,2025-02-25,Hair Dryer,Beauty & Personal Care,West,Online,1,59.01,59.01,CUST-1061
ORD-101727,2025-08-27,Cookware Set,Home & Kitchen,East,In-Store,1,151.89,151.89,CUST-1197
ORD-101728,2024-10-08,Robotic Vacuum,Home & Kitchen,East,In-Store,2,287.82,575.64,CUST-1284
ORD-101729,2024-04-04,Ergonomic Chair,Home & Kitchen,North,Online,1,197.46,197.46,CUST-1398
ORD-101730,2025-12-19,Self-Help Best Seller,Books & Stationery,West,Online,1,16.75,16.75,CUST-1054
ORD-101731,2025-07-31,Bluetooth Speaker,Electronics,East,In-Store,2,75.85,151.7,CUST-1225
ORD-101732,2026-01-27,Camping Tent,Sports & Outdoors,North,In-Store,3,147.94,443.82,CUST-1203
ORD-101733,2024-04-21,Winter Coat,Fashion,South,In-Store,5,176.84,884.2,CUST-1300
ORD-101734,2025-03-10,Ergonomic Chair,Home & Kitchen,East,In-Store,3,193.51,580.53,CUST-1077
ORD-101735,2024-12-01,Yoga Mat,Sports & Outdoors,East,Online,4,25.81,103.24,CUST-1099
ORD-101736,2025-11-14,Sci-Fi Novel,Books & Stationery,East,Online,5,16.69,83.45,CUST-1172
ORD-101737,2024-11-25,Sci-Fi Novel,Books & Stationery,North,In-Store,3,15.37,46.11,CUST-1334
ORD-101738,2024-07-30,Cookware Set,Home & Kitchen,West,Online,1,144.66,144.66,CUST-1292
ORD-101739,2024-09-25,Bluetooth Speaker,Electronics,West,In-Store,2,72.85,145.7,CUST-1114
ORD-101740,2025-12-01,Winter Coat,Fashion,North,In-Store,4,161.74,646.96,CUST-1349
ORD-101741,2025-03-20,Skincare Gift Set,Beauty & Personal Care,West,In-Store,4,58.03,232.12,CUST-1181
ORD-101742,2025-01-03,Leather Journal,Books & Stationery,West,Online,1,25.47,25.47,CUST-1094
ORD-101743,2025-10-30,Perfume,Beauty & Personal Care,East,Online,1,76.24,76.24,CUST-1239
ORD-101744,2024-05-16,Dumbbells,Sports & Outdoors,West,In-Store,2,40.4,80.8,CUST-1386
ORD-101745,2025-02-11,Essential Oil Diffuser,Beauty & Personal Care,North,Online,2,31.38,62.76,CUST-1081
ORD-101746,2024-02-26,Desk Organizer,Books & Stationery,East,Online,2,31.49,62.98,CUST-1355
ORD-101747,2026-03-29,Smart TV,Electronics,South,In-Store,1,644.77,644.77,CUST-1130
ORD-101748,2024-08-03,Leather Journal,Books & Stationery,North,In-Store,1,27.05,27.05,CUST-1020
ORD-101749,2025-02-11,Dumbbells,Sports & Outdoors,West,In-Store,2,56.48,112.96,CUST-1035
ORD-101750,2024-09-02,Leather Journal,Books & Stationery,North,In-Store,2,25.98,51.96,CUST-1362
ORD-101751,2025-08-30,Hiking Backpack,Sports & Outdoors,South,Online,3,91.55,274.65,CUST-1215
ORD-101752,2024-08-18,Laptop,Electronics,West,In-Store,5,997.69,4988.45,CUST-1112
ORD-101753,2024-03-17,Leather Jacket,Fashion,West,Affiliate,1,162.23,162.23,CUST-1312
ORD-101754,2025-09-22,Smartphone,Electronics,East,Wholesale,39,619.7,24168.3,CUST-1222
ORD-101755,2026-02-16,Running Shoes,Fashion,East,In-Store,2,111.56,223.12,CUST-1149
ORD-101756,2025-04-12,Air Fryer,Home & Kitchen,West,Online,1,94.77,94.77,CUST-1127
ORD-101757,2026-02-05,Makeup Kit,Beauty & Personal Care,,In-Store,1,52.73,52.73,CUST-1327
ORD-101758,2025-02-08,Sci-Fi Novel,Books & Stationery,East,Online,1,13.76,13.76,CUST-1238
ORD-101759,2024-02-01,Ergonomic Chair,Home & Kitchen,East,Online,2,217.57,435.14,CUST-1219
ORD-101760,2026-01-11,Laptop,Electronics,East,Online,3,911.83,2735.49,CUST-1057
ORD-101761,2024-08-07,Wireless Headphones,Electronics,North,In-Store,1,145.03,145.03,CUST-1042
ORD-101762,2024-02-19,Blender,Home & Kitchen,West,Online,1,62.19,62.19,CUST-1201
ORD-101763,2024-07-25,Winter Coat,Fashion,East,Online,2,135.62,271.24,CUST-1383
ORD-101764,2024-12-11,Skincare Gift Set,Beauty & Personal Care,West,Affiliate,2,43.44,86.88,CUST-1386
ORD-101765,2025-09-20,Designer Jeans,Fashion,South,Online,1,91.38,91.38,CUST-1104
ORD-101766,2025-06-10,Essential Oil Diffuser,Beauty & Personal Care,East,In-Store,2,25.82,51.64,CUST-1380
ORD-101767,2024-10-15,Smartwatch,Electronics,West,Online,1,212.42,212.42,CUST-1384
ORD-101768,2024-11-30,Smartphone,Electronics,North,In-Store,3,780.18,2340.54,CUST-1307
ORD-101769,2025-01-26,Designer Jeans,Fashion,East,Online,2,83.0,166.0,CUST-1223
ORD-101770,2024-05-03,Robotic Vacuum,Home & Kitchen,East,Online,1,262.93,262.93,CUST-1070
ORD-101771,2024-09-29,Essential Oil Diffuser,Beauty & Personal Care,South,Online,4,26.93,107.72,CUST-1150
ORD-101772,2025-12-25,Sci-Fi Novel,Books & Stationery,West,Online,1,13.81,13.81,CUST-1016
ORD-101773,2024-02-20,Blender,Home & Kitchen,South,Online,1,63.81,63.81,CUST-1116
ORD-101774,2026-05-14,Essential Oil Diffuser,Beauty & Personal Care,North,Online,2,32.49,64.98,CUST-1386
ORD-101775,2026-04-05,Bluetooth Speaker,Electronics,South,Wholesale,37,63.64,2354.68,CUST-1250
ORD-101776,2024-05-02,Fountain Pen,Books & Stationery,West,In-Store,1,41.92,41.92,CUST-1163
ORD-101777,2025-12-01,Water Bottle,Sports & Outdoors,West,Online,2,24.81,49.62,CUST-1373
ORD-101778,2024-08-11,Smartwatch,Electronics,North,Affiliate,1,230.55,230.55,CUST-1213
ORD-101779,2024-11-01,Camping Tent,Sports & Outdoors,North,Online,2,151.14,302.28,CUST-1255
ORD-101780,2025-07-09,Hiking Backpack,Sports & Outdoors,East,Online,1,90.63,90.63,CUST-1073
ORD-101781,2024-02-18,Smartphone,Electronics,West,In-Store,5,714.95,3574.75,CUST-1390
ORD-101782,2026-03-31,Dumbbells,Sports & Outdoors,East,In-Store,1,40.62,40.62,CUST-1106
ORD-101783,2025-07-28,Fountain Pen,Books & Stationery,North,Online,1,32.34,32.34,CUST-1119
ORD-101784,2025-07-26,Blender,Home & Kitchen,West,Online,3,60.42,181.26,CUST-1020
ORD-101785,2024-01-31,Fountain Pen,Books & Stationery,North,Online,5,47.63,238.15,CUST-1298
ORD-101786,2024-10-13,Fitness Tracker,Sports & Outdoors,South,Online,3,68.73,206.19,CUST-1097
ORD-101787,2024-12-31,Yoga Mat,Sports & Outdoors,South,Online,1,26.7,26.7,CUST-1087
ORD-101788,2024-11-13,Air Fryer,Home & Kitchen,East,,2,105.52,211.04,CUST-1122
ORD-101789,2025-05-12,Smartphone,Electronics,West,Online,4,739.51,2958.04,CUST-1342
ORD-101790,2025-12-18,Smartphone,Electronics,North,In-Store,3,728.34,2185.02,CUST-1319
ORD-101791,2025-12-12,Smartphone,Electronics,West,Online,3,729.23,2187.69,CUST-1218
ORD-101792,2024-02-29,Ergonomic Chair,Home & Kitchen,North,,19,193.03,3667.57,CUST-1333
ORD-101793,2024-01-23,Fitness Tracker,Sports & Outdoors,West,In-Store,2,62.0,124.0,CUST-1023
ORD-101794,2025-10-18,Camping Tent,Sports & Outdoors,West,In-Store,2,134.42,268.84,CUST-1380
ORD-101795,2025-04-30,Yoga Mat,Sports & Outdoors,West,Online,1,35.22,35.22,CUST-1308
ORD-101796,2024-02-03,Essential Oil Diffuser,Beauty & Personal Care,South,Wholesale,35,26.37,922.95,CUST-1107
ORD-101797,2026-05-25,Designer Jeans,Fashion,West,In-Store,2,97.85,195.7,CUST-1180
ORD-101798,2025-09-07,Hair Dryer,Beauty & Personal Care,South,Online,2,69.42,138.84,CUST-1002
ORD-101799,2025-05-01,Smart TV,Electronics,South,Online,2,646.3,1292.6,CUST-1223
ORD-101800,2025-01-24,Skincare Gift Set,Beauty & Personal Care,North,In-Store,1,41.04,41.04,CUST-1019
ORD-101801,2024-08-02,Leather Journal,Books & Stationery,East,Affiliate,1,20.76,20.76,CUST-1078
ORD-101802,2024-06-28,Winter Coat,Fashion,South,Online,4,155.91,623.64,CUST-1256
ORD-101803,2024-02-03,Sunglasses,Fashion,South,Online,5,79.69,398.45,CUST-1241
ORD-101804,2024-07-20,Winter Coat,Fashion,West,Wholesale,39,139.78,5451.42,CUST-1233
ORD-101805,2025-11-18,Essential Oil Diffuser,Beauty & Personal Care,North,Online,1,32.38,32.38,CUST-1274
ORD-101806,2026-01-12,Water Bottle,Sports & Outdoors,South,In-Store,2,20.81,41.62,CUST-1275
ORD-101807,2025-12-22,Robotic Vacuum,Home & Kitchen,South,Online,1,262.76,262.76,CUST-1073
ORD-101808,2024-05-08,Smart TV,Electronics,North,In-Store,1,602.11,602.11,CUST-1145
ORD-101809,2024-02-02,Robotic Vacuum,Home & Kitchen,South,Wholesale,19,253.96,4825.24,CUST-1075
ORD-101810,2025-03-22,Laptop,Electronics,West,In-Store,4,915.01,3660.04,CUST-1378
ORD-101811,2025-08-01,Running Shoes,Fashion,East,Online,1,107.59,107.59,CUST-1276
ORD-101812,2026-03-26,Makeup Kit,Beauty & Personal Care,North,Online,2,60.14,120.28,CUST-1334
ORD-101813,2024-05-13,Water Bottle,Sports & Outdoors,West,Wholesale,38,15.03,571.14,CUST-1227
ORD-101814,2025-05-23,Leather Jacket,Fashion,South,Online,1,182.67,182.67,CUST-1249
ORD-101815,2024-09-10,Sci-Fi Novel,Books & Stationery,East,Online,3,13.01,39.03,CUST-1389
ORD-101816,2025-02-10,Desk Organizer,Books & Stationery,West,Wholesale,16,22.69,363.04,CUST-1360
ORD-101817,2026-05-26,Camping Tent,Sports & Outdoors,South,In-Store,1,148.08,148.08,CUST-1316
ORD-101818,2025-11-12,Fountain Pen,Books & Stationery,North,Online,1,46.03,46.03,CUST-1348
ORD-101819,2025-05-20,Laptop,Electronics,North,Online,2,952.2,1904.4,CUST-1098
ORD-101820,2026-04-02,Running Shoes,Fashion,North,In-Store,1,91.98,91.98,CUST-1307
ORD-101821,2024-05-31,Water Bottle,Sports & Outdoors,South,In-Store,1,21.67,21.67,CUST-1068
ORD-101822,2025-03-29,Essential Oil Diffuser,Beauty & Personal Care,North,Online,2,33.84,67.68,CUST-1133
ORD-101823,2025-10-28,Dumbbells,Sports & Outdoors,South,In-Store,3,47.75,143.25,CUST-1240
ORD-101824,2025-08-22,Fitness Tracker,Sports & Outdoors,East,Online,1,50.05,50.05,CUST-1218
ORD-101825,2024-08-21,Desk Organizer,Books & Stationery,North,In-Store,2,31.42,62.84,CUST-1006
ORD-101826,2025-07-16,Perfume,Beauty & Personal Care,South,Online,2,76.1,152.2,CUST-1012
ORD-101827,2024-05-25,Cookware Set,Home & Kitchen,West,In-Store,1,135.48,135.48,CUST-1309
ORD-101828,2024-05-12,Perfume,Beauty & Personal Care,South,Online,2,74.11,148.22,CUST-1153
ORD-101829,2024-08-24,Skincare Gift Set,Beauty & Personal Care,South,Affiliate,2,58.69,117.38,CUST-1202
ORD-101830,2026-04-20,Water Bottle,Sports & Outdoors,North,Online,5,20.58,102.9,CUST-1130
ORD-101831,2025-12-07,Skincare Gift Set,Beauty & Personal Care,East,Wholesale,40,35.68,1427.2,CUST-1358
ORD-101832,2024-10-01,Fountain Pen,Books & Stationery,North,Online,1,32.96,32.96,CUST-1392
ORD-101833,2024-02-10,Winter Coat,Fashion,East,Online,2,154.31,308.62,CUST-1385
ORD-101834,2026-02-21,Water Bottle,Sports & Outdoors,South,Wholesale,23,21.09,485.07,CUST-1155
ORD-101835,2025-02-11,Hiking Backpack,Sports & Outdoors,South,Online,1,77.51,77.51,CUST-1353
ORD-101836,2024-01-09,Coffee Maker,Home & Kitchen,West,Online,2,88.65,177.3,CUST-1305
ORD-101837,2025-04-01,Essential Oil Diffuser,Beauty & Personal Care,South,In-Store,3,25.09,75.27,CUST-1122
ORD-101838,2024-08-18,Smartwatch,Electronics,West,Online,5,224.17,1120.85,CUST-1234
ORD-101839,2026-04-01,Fitness Tracker,Sports & Outdoors,South,Online,1,51.4,51.4,CUST-1263
ORD-101840,2024-04-19,Designer Jeans,Fashion,South,Affiliate,1,85.75,85.75,CUST-1284
ORD-101841,2026-03-08,Desk Organizer,Books & Stationery,West,Online,2,31.41,62.82,CUST-1386
ORD-101842,2026-03-28,Fitness Tracker,Sports & Outdoors,North,Online,1,62.63,62.63,CUST-1120
ORD-101843,2024-12-11,Dumbbells,Sports & Outdoors,West,Wholesale,38,46.78,1777.64,CUST-1078
ORD-101844,2025-02-21,Running Shoes,Fashion,West,In-Store,1,93.42,93.42,CUST-1380
ORD-101845,2026-05-30,Casual T-Shirt,Fashion,North,Online,2,25.69,51.38,CUST-1188
ORD-101846,2024-04-21,Desk Organizer,Books & Stationery,South,Online,1,30.4,30.4,CUST-1212
ORD-101847,2024-09-09,Perfume,Beauty & Personal Care,South,Online,2,79.08,158.16,CUST-1136
ORD-101848,2024-09-03,Designer Jeans,Fashion,East,In-Store,2,85.6,171.2,CUST-1227
ORD-101849,2026-03-20,Blender,Home & Kitchen,South,Wholesale,22,47.52,1045.44,CUST-1078
ORD-101850,2024-10-27,Designer Jeans,Fashion,North,In-Store,4,83.66,334.64,CUST-1348
ORD-101851,2026-03-19,Hair Dryer,Beauty & Personal Care,South,Online,3,74.98,224.94,CUST-1171
ORD-101852,2024-12-25,Coffee Maker,Home & Kitchen,West,Online,2,83.94,167.88,CUST-1065
ORD-101853,2024-11-03,Smart TV,Electronics,North,Affiliate,4,633.8,2535.2,CUST-1095
ORD-101854,2024-04-23,Perfume,Beauty & Personal Care,South,Online,4,70.68,282.72,CUST-1023
ORD-101855,2025-05-20,Perfume,Beauty & Personal Care,South,Online,2,76.11,152.22,CUST-1263
ORD-101856,2024-07-04,Laptop,Electronics,East,In-Store,1,981.3,981.3,CUST-1017
ORD-101857,2026-05-19,Robotic Vacuum,Home & Kitchen,North,In-Store,1,268.02,268.02,CUST-1319
ORD-101858,2024-09-01,Leather Journal,Books & Stationery,West,Online,2,29.37,58.74,CUST-1049
ORD-101859,2026-01-13,Sunglasses,Fashion,East,In-Store,2,79.63,159.26,CUST-1320
ORD-101860,2024-09-06,Designer Jeans,Fashion,West,Online,5,97.65,488.25,CUST-1281
ORD-101861,2024-04-06,Bluetooth Speaker,Electronics,South,In-Store,2,78.34,156.68,CUST-1324
ORD-101862,2025-11-11,Makeup Kit,Beauty & Personal Care,East,,4,60.6,242.4,CUST-1372
ORD-101863,2024-09-22,Leather Jacket,Fashion,North,In-Store,1,163.11,163.11,CUST-1076
ORD-101864,2025-10-09,Leather Journal,Books & Stationery,West,In-Store,4,23.87,95.48,CUST-1072
ORD-101865,2025-11-15,Casual T-Shirt,Fashion,South,Online,3,29.12,87.36,CUST-1358
ORD-101866,2024-12-06,Leather Jacket,Fashion,West,Online,1,159.41,159.41,CUST-1159
ORD-101867,2026-04-24,Fountain Pen,Books & Stationery,West,Online,2,32.23,64.46,CUST-1034
ORD-101868,2026-04-16,Sci-Fi Novel,Books & Stationery,North,Online,2,16.94,33.88,CUST-1259
ORD-101869,2025-12-29,Fountain Pen,Books & Stationery,West,Online,1,41.91,41.91,CUST-1064
ORD-101870,2024-04-26,Camping Tent,Sports & Outdoors,East,In-Store,1,155.73,155.73,CUST-1325
ORD-101871,2025-08-12,Smartphone,Electronics,East,In-Store,1,721.52,721.52,CUST-1328
ORD-101872,2024-03-11,Designer Jeans,Fashion,North,Online,2,88.9,177.8,CUST-1133
ORD-101873,2025-08-16,Coffee Maker,Home & Kitchen,North,Online,1,84.89,84.89,CUST-1193
ORD-101874,2024-09-10,Robotic Vacuum,Home & Kitchen,West,Online,4,266.62,1066.48,CUST-1090
ORD-101875,2024-10-27,Leather Journal,Books & Stationery,South,Affiliate,5,25.49,127.45,CUST-1027
ORD-101876,2025-07-29,Coffee Maker,Home & Kitchen,South,In-Store,3,82.57,247.71,CUST-1377
ORD-101877,2026-01-09,Hiking Backpack,Sports & Outdoors,North,Online,1,72.49,72.49,CUST-1041
ORD-101878,2026-03-17,Laptop,Electronics,North,Wholesale,20,798.18,15963.6,CUST-1305
ORD-101879,2025-12-20,Smart TV,Electronics,East,In-Store,1,610.95,610.95,CUST-1384
ORD-101880,2024-02-25,Skincare Gift Set,Beauty & Personal Care,North,Online,3,54.07,162.21,CUST-1310
ORD-101881,2024-06-08,Robotic Vacuum,Home & Kitchen,South,Online,1,251.67,251.67,CUST-1341
ORD-101882,2024-04-26,Air Fryer,Home & Kitchen,West,Online,4,96.79,387.16,CUST-1235
ORD-101883,2025-05-17,Blender,Home & Kitchen,East,In-Store,2,60.52,121.04,CUST-1295
ORD-101884,2024-12-23,Water Bottle,Sports & Outdoors,South,In-Store,5,16.32,81.6,CUST-1001
ORD-101885,2024-11-16,Smart TV,Electronics,East,Online,1,607.97,607.97,CUST-1317
ORD-101886,2026-03-08,Smart TV,Electronics,South,In-Store,1,605.26,605.26,CUST-1250
ORD-101887,2024-10-20,Smart TV,Electronics,East,Online,1,645.44,645.44,CUST-1286
ORD-101888,2024-10-03,Running Shoes,Fashion,West,Online,3,102.68,308.04,CUST-1267
ORD-101889,2025-04-20,Smartphone,Electronics,North,Online,1,799.01,799.01,CUST-1232
ORD-101890,2025-09-03,Self-Help Best Seller,Books & Stationery,West,In-Store,2,18.62,37.24,CUST-1039
ORD-101891,2025-10-09,Leather Journal,Books & Stationery,North,Affiliate,4,21.19,84.76,CUST-1195
ORD-101892,2025-12-24,Running Shoes,Fashion,North,In-Store,1,108.38,108.38,CUST-1069
ORD-101893,2026-03-26,Camping Tent,Sports & Outdoors,South,In-Store,2,141.11,282.22,CUST-1048
ORD-101894,2025-07-13,Hair Dryer,Beauty & Personal Care,West,In-Store,5,58.52,292.6,CUST-1028
ORD-101895,2025-10-30,Blender,Home & Kitchen,South,In-Store,2,54.39,108.78,CUST-1186
ORD-101896,2025-04-26,Bluetooth Speaker,Electronics,North,Online,1,74.88,74.88,CUST-1258
ORD-101897,2026-04-25,Dumbbells,Sports & Outdoors,South,In-Store,1,48.95,48.95,CUST-1114
ORD-101898,2025-10-27,Laptop,Electronics,South,Online,1,984.36,984.36,CUST-1377
ORD-101899,2025-01-10,Designer Jeans,Fashion,North,In-Store,1,88.96,88.96,CUST-1105
ORD-101900,2025-04-26,Leather Journal,Books & Stationery,North,Online,4,23.4,93.6,CUST-1196
ORD-101901,2025-07-08,Self-Help Best Seller,Books & Stationery,East,Affiliate,2,19.47,38.94,CUST-1157
ORD-101902,2024-09-28,Dumbbells,Sports & Outdoors,North,Online,1,38.04,38.04,CUST-1250
ORD-101903,2025-03-11,Leather Jacket,Fashion,North,Online,1,157.13,157.13,CUST-1099
ORD-101904,2025-12-25,Skincare Gift Set,Beauty & Personal Care,North,In-Store,1,46.79,46.79,CUST-1080
ORD-101905,2024-06-18,Hiking Backpack,Sports & Outdoors,South,Online,2,94.83,189.66,CUST-1278
ORD-101906,2024-11-12,Skincare Gift Set,Beauty & Personal Care,East,Online,5,58.76,293.8,CUST-1191
ORD-101907,2026-05-13,Coffee Maker,Home & Kitchen,South,Online,1,91.54,91.54,CUST-1241
ORD-101908,2025-07-07,Desk Organizer,Books & Stationery,West,Online,3,33.19,99.57,CUST-1160
ORD-101909,2024-08-13,Smart TV,Electronics,South,Wholesale,54,543.59,29353.86,CUST-1295
ORD-101910,2024-05-14,Perfume,Beauty & Personal Care,South,In-Store,3,75.92,227.76,CUST-1282
ORD-101911,2024-12-28,Smartphone,Electronics,South,Affiliate,1,779.06,779.06,CUST-1181
ORD-101912,2024-05-25,Smart TV,Electronics,North,Affiliate,3,635.45,1906.35,CUST-1240
ORD-101913,2025-10-26,Yoga Mat,Sports & Outdoors,West,In-Store,1,36.42,36.42,CUST-1251
ORD-101914,2025-03-25,Running Shoes,Fashion,West,Affiliate,2,115.51,231.02,CUST-1125
ORD-101915,2025-01-27,Sci-Fi Novel,Books & Stationery,East,In-Store,1,14.62,14.62,CUST-1175
ORD-101916,2024-03-07,Ergonomic Chair,Home & Kitchen,East,Online,1,222.48,222.48,CUST-1137
ORD-101917,2025-11-21,Desk Organizer,Books & Stationery,North,Affiliate,1,27.46,27.46,CUST-1366
ORD-101918,2025-03-25,Fountain Pen,Books & Stationery,East,Online,3,30.68,92.04,CUST-1214
ORD-101919,2025-03-19,Leather Journal,Books & Stationery,East,Affiliate,3,24.3,72.9,CUST-1087
ORD-101920,2024-04-30,Hiking Backpack,Sports & Outdoors,South,Online,2,99.4,198.8,CUST-1383
ORD-101921,2024-07-15,Essential Oil Diffuser,Beauty & Personal Care,East,In-Store,1,26.45,26.45,CUST-1120
ORD-101922,2024-07-31,Smart TV,Electronics,West,Wholesale,50,518.94,25947.0,CUST-1274
ORD-101923,2024-08-08,Running Shoes,Fashion,North,In-Store,1,111.7,111.7,CUST-1314
ORD-101924,2025-04-04,Perfume,Beauty & Personal Care,South,In-Store,1,79.29,79.29,CUST-1051
ORD-101925,2026-01-16,Fountain Pen,Books & Stationery,West,In-Store,2,39.7,79.4,CUST-1007
ORD-101926,2024-01-05,Yoga Mat,Sports & Outdoors,South,Online,2,25.19,50.38,CUST-1220
ORD-101927,2025-01-03,Smartphone,Electronics,North,Online,1,755.28,755.28,CUST-1191
ORD-101928,2025-07-12,Essential Oil Diffuser,Beauty & Personal Care,West,Wholesale,40,25.67,1026.8,CUST-1231
ORD-101929,2024-09-12,Coffee Maker,Home & Kitchen,South,In-Store,1,84.61,84.61,CUST-1255
ORD-101930,2025-09-19,Bluetooth Speaker,Electronics,North,In-Store,4,75.16,300.64,CUST-1111
ORD-101931,2025-11-01,Coffee Maker,Home & Kitchen,South,In-Store,2,84.92,169.84,CUST-1303
ORD-101932,2025-06-26,Dumbbells,Sports & Outdoors,East,Wholesale,53,30.25,1603.25,CUST-1321
ORD-101933,2026-03-16,Running Shoes,Fashion,West,In-Store,2,100.1,200.2,CUST-1081
ORD-101934,2025-08-11,Coffee Maker,Home & Kitchen,North,In-Store,3,81.86,245.58,CUST-1140
ORD-101935,2025-07-15,Yoga Mat,Sports & Outdoors,East,In-Store,5,37.75,188.75,CUST-1126
ORD-101936,2026-01-02,Leather Journal,Books & Stationery,North,In-Store,1,27.41,27.41,CUST-1278
ORD-101937,2025-04-03,Laptop,Electronics,West,Online,1,903.49,903.49,CUST-1398
ORD-101938,2026-03-29,Perfume,Beauty & Personal Care,East,In-Store,3,60.8,182.4,CUST-1145
ORD-101939,2024-08-20,Winter Coat,Fashion,North,Online,1,160.41,160.41,CUST-1329
ORD-101940,2024-08-03,Designer Jeans,Fashion,East,Online,1,93.64,93.64,CUST-1380
ORD-101941,2024-03-17,Dumbbells,Sports & Outdoors,West,Online,1,39.72,39.72,CUST-1067
ORD-101942,2026-01-23,Sunglasses,Fashion,South,Online,2,77.3,154.6,CUST-1295
ORD-101943,2026-01-27,Skincare Gift Set,Beauty & Personal Care,South,Wholesale,56,47.59,2665.04,CUST-1128
ORD-101944,2025-03-01,Smartwatch,Electronics,East,Affiliate,1,228.8,228.8,CUST-1101
ORD-101945,2024-03-09,Blender,Home & Kitchen,South,Online,2,60.79,121.58,CUST-1112
ORD-101946,2025-06-25,Laptop,Electronics,North,Online,1,941.89,941.89,CUST-1056
ORD-101947,2024-08-27,Smartphone,Electronics,South,In-Store,1,786.32,786.32,CUST-1152
ORD-101948,2024-01-29,Fountain Pen,Books & Stationery,East,Online,1,46.04,46.04,CUST-1019
ORD-101949,2025-03-21,Bluetooth Speaker,Electronics,North,In-Store,1,66.6,66.6,CUST-1132
ORD-101950,2026-01-19,Leather Journal,Books & Stationery,South,Wholesale,33,20.44,674.52,CUST-1115
ORD-101951,2024-07-05,Running Shoes,Fashion,West,Online,2,99.73,199.46,CUST-1180
ORD-101952,2024-05-28,Designer Jeans,Fashion,West,Online,1,92.64,92.64,CUST-1145
ORD-101953,2025-08-18,Wireless Headphones,Electronics,South,Online,3,134.29,402.87,CUST-1076
ORD-101954,2025-08-02,Leather Journal,Books & Stationery,West,Online,2,20.4,40.8,CUST-1367
ORD-101955,2025-05-06,Robotic Vacuum,Home & Kitchen,West,In-Store,4,285.09,1140.36,CUST-1077
ORD-101956,2024-08-27,Camping Tent,Sports & Outdoors,South,Online,1,176.97,176.97,CUST-1393
ORD-101957,2025-11-13,Makeup Kit,Beauty & Personal Care,North,Online,2,55.71,111.42,CUST-1016
ORD-101958,2024-05-29,Self-Help Best Seller,Books & Stationery,North,Online,1,15.5,15.5,CUST-1111
ORD-101959,2026-03-13,Fitness Tracker,Sports & Outdoors,South,Online,1,71.87,71.87,CUST-1236
ORD-101960,2025-02-09,Smartwatch,Electronics,West,In-Store,1,221.67,221.67,CUST-1335
ORD-101961,2025-08-28,Desk Organizer,Books & Stationery,West,In-Store,2,33.86,67.72,CUST-1074
ORD-101962,2026-03-16,Blender,Home & Kitchen,South,Online,4,55.77,223.08,CUST-1210
ORD-101963,2024-06-27,Smartphone,Electronics,North,Wholesale,48,622.2,29865.6,CUST-1233
ORD-101964,2024-11-14,Water Bottle,Sports & Outdoors,North,Wholesale,16,18.8,300.8,CUST-1320
ORD-101965,2024-02-12,Perfume,Beauty & Personal Care,West,Online,2,63.79,127.58,CUST-1242
ORD-101966,2025-06-10,Skincare Gift Set,Beauty & Personal Care,West,Online,5,51.72,258.6,CUST-1003
ORD-101967,2025-01-11,Self-Help Best Seller,Books & Stationery,East,In-Store,1,19.49,19.49,CUST-1364
ORD-101968,2024-10-02,Air Fryer,Home & Kitchen,West,Wholesale,49,89.14,4367.86,CUST-1298
ORD-101969,2024-12-20,Dumbbells,Sports & Outdoors,North,In-Store,2,40.83,81.66,CUST-1016
ORD-101970,2025-10-24,Winter Coat,Fashion,West,Online,2,162.13,324.26,CUST-1396
ORD-101971,2026-04-04,Running Shoes,Fashion,North,Wholesale,57,77.67,4427.19,CUST-1357
ORD-101972,2024-08-25,Yoga Mat,Sports & Outdoors,West,In-Store,5,37.86,189.3,CUST-1054
ORD-101973,2024-06-11,Wireless Headphones,Electronics,South,In-Store,3,140.34,421.02,CUST-1282
ORD-101974,2024-10-13,Winter Coat,Fashion,East,In-Store,1,176.42,176.42,CUST-1186
ORD-101975,2025-11-09,Fitness Tracker,Sports & Outdoors,West,Online,1,75.53,75.53,CUST-1195
ORD-101976,2026-04-05,Self-Help Best Seller,Books & Stationery,South,Wholesale,39,19.51,760.89,CUST-1375
ORD-101977,2025-12-16,Fitness Tracker,Sports & Outdoors,South,Online,1,73.98,73.98,CUST-1198
ORD-101978,2024-05-18,Sunglasses,Fashion,East,Online,4,71.55,286.2,CUST-1218
ORD-101979,2025-02-19,Designer Jeans,Fashion,North,Online,1,87.71,87.71,CUST-1160
ORD-101980,2024-08-31,Blender,Home & Kitchen,North,Online,4,65.95,263.8,CUST-1294
ORD-101981,2024-01-01,Leather Jacket,Fashion,,Online,5,184.46,922.3,CUST-1136
ORD-101982,2025-09-02,Designer Jeans,Fashion,East,,2,95.59,191.18,CUST-1066
ORD-101983,2024-11-04,Blender,Home & Kitchen,South,Online,2,62.99,125.98,CUST-1268
ORD-101984,2024-03-20,Self-Help Best Seller,Books & Stationery,East,Online,1,22.07,22.07,CUST-1047
ORD-101985,2024-01-18,Ergonomic Chair,Home & Kitchen,West,In-Store,1,186.32,186.32,CUST-1268
ORD-101986,2025-09-28,Hair Dryer,Beauty & Personal Care,East,Affiliate,4,61.09,244.36,CUST-1175
ORD-101987,2025-10-25,Running Shoes,Fashion,West,Online,1,109.88,109.88,CUST-1005
ORD-101988,2026-04-25,Smartphone,Electronics,South,Wholesale,34,626.65,21306.1,CUST-1054
ORD-101989,2026-01-09,Sunglasses,Fashion,West,Online,1,71.61,71.61,CUST-1334
ORD-101990,2024-01-18,Fountain Pen,Books & Stationery,West,Online,5,31.1,155.5,CUST-1267
ORD-101991,2025-07-23,Air Fryer,Home & Kitchen,West,In-Store,4,113.69,454.76,CUST-1046
ORD-101992,2025-05-19,Robotic Vacuum,Home & Kitchen,West,Wholesale,46,229.7,10566.2,CUST-1106
ORD-101993,2025-09-23,Self-Help Best Seller,Books & Stationery,South,In-Store,2,21.59,43.18,CUST-1036
ORD-101994,2024-07-19,Cookware Set,Home & Kitchen,West,In-Store,4,125.96,503.84,CUST-1200
ORD-101995,2026-03-18,Robotic Vacuum,Home & Kitchen,East,Online,3,291.67,875.01,CUST-1108
ORD-101996,2024-10-17,Makeup Kit,Beauty & Personal Care,West,In-Store,1,61.46,61.46,CUST-1061
ORD-101997,2025-04-09,Camping Tent,Sports & Outdoors,East,Online,2,145.72,291.44,CUST-1027
ORD-101998,2024-08-25,Yoga Mat,Sports & Outdoors,East,Online,1,34.15,34.15,CUST-1111
ORD-101999,2026-05-22,Essential Oil Diffuser,Beauty & Personal Care,North,Online,1,26.96,26.96,CUST-1361
ORD-102000,2024-06-22,Makeup Kit,Beauty & Personal Care,East,Online,1,60.13,60.13,CUST-1231
ORD-102001,2025-09-15,Hiking Backpack,Sports & Outdoors,North,Online,3,88.84,266.52,CUST-1030
ORD-102002,2026-01-16,Smartphone,Electronics,North,Online,3,732.25,2196.75,CUST-1169
ORD-102003,2025-04-18,Ergonomic Chair,Home & Kitchen,North,Online,2,187.18,374.36,CUST-1150
ORD-102004,2026-03-25,Makeup Kit,Beauty & Personal Care,North,In-Store,1,49.89,49.89,CUST-1318
ORD-102005,2024-11-23,Sci-Fi Novel,Books & Stationery,West,Online,1,18.95,18.95,CUST-1046
ORD-102006,2026-05-18,Leather Journal,Books & Stationery,West,Online,4,26.7,106.8,CUST-1057
ORD-102007,2026-02-09,Leather Jacket,Fashion,East,Online,4,198.66,794.64,CUST-1223
ORD-102008,2026-05-28,Cookware Set,Home & Kitchen,North,In-Store,1,136.2,136.2,CUST-1036
ORD-102009,2025-07-05,Dumbbells,Sports & Outdoors,East,In-Store,1,40.47,40.47,CUST-1157
ORD-102010,2025-04-28,Casual T-Shirt,Fashion,East,Online,2,20.49,40.98,CUST-1192
ORD-102011,2024-11-13,Air Fryer,Home & Kitchen,North,Wholesale,52,92.57,4813.64,CUST-1040
ORD-102012,2025-03-21,Sunglasses,Fashion,North,Online,4,55.09,220.36,CUST-1115
ORD-102013,2024-09-08,Robotic Vacuum,Home & Kitchen,North,Online,2,260.42,520.84,CUST-1066
ORD-102014,2025-06-08,Blender,Home & Kitchen,North,Affiliate,1,64.36,64.36,CUST-1190
ORD-102015,2024-07-23,Laptop,Electronics,West,Wholesale,55,784.49,43146.95,CUST-1302
ORD-102016,2024-05-14,Self-Help Best Seller,Books & Stationery,North,In-Store,3,17.82,53.46,CUST-1135
ORD-102017,2026-03-02,Laptop,Electronics,East,Affiliate,2,976.07,1952.14,CUST-1043
ORD-102018,2025-05-24,Leather Journal,Books & Stationery,West,Online,2,24.57,49.14,CUST-1360
ORD-102019,2024-11-15,Leather Jacket,Fashion,East,Online,2,199.24,398.48,CUST-1365
ORD-102020,2025-03-27,Makeup Kit,Beauty & Personal Care,East,Affiliate,2,54.65,109.3,CUST-1396
ORD-102021,2025-02-05,Fountain Pen,Books & Stationery,North,In-Store,1,42.8,42.8,CUST-1223
ORD-102022,2024-09-26,Hair Dryer,Beauty & Personal Care,East,Affiliate,3,75.42,226.26,CUST-1091
ORD-102023,2026-02-17,Camping Tent,Sports & Outdoors,North,Online,5,137.0,685.0,CUST-1098
ORD-102024,2024-08-12,Smart TV,Electronics,West,In-Store,1,638.39,638.39,CUST-1157
ORD-102025,2026-04-02,Winter Coat,Fashion,West,In-Store,2,154.28,308.56,CUST-1139
ORD-102026,2024-11-23,Perfume,Beauty & Personal Care,North,Online,4,77.62,310.48,CUST-1316
ORD-102027,2026-02-08,Leather Journal,Books & Stationery,West,In-Store,1,22.76,22.76,CUST-1293
ORD-102028,2026-05-09,Perfume,Beauty & Personal Care,,Online,4,78.07,312.28,CUST-1365
ORD-102029,2025-09-10,Bluetooth Speaker,Electronics,South,Online,4,75.36,301.44,CUST-1373
ORD-102030,2024-01-07,Casual T-Shirt,Fashion,East,Online,5,28.21,141.05,CUST-1200
ORD-102031,2024-05-29,Water Bottle,Sports & Outdoors,West,Online,2,23.35,46.7,CUST-1014
ORD-102032,2026-01-29,Smart TV,Electronics,West,In-Store,1,649.32,649.32,CUST-1367
ORD-102033,2024-03-23,Leather Jacket,Fashion,West,Online,3,193.77,581.31,CUST-1369
ORD-102034,2025-04-08,Sunglasses,Fashion,East,Online,1,62.14,62.14,CUST-1361
ORD-102035,2026-02-07,Winter Coat,Fashion,East,Online,3,176.63,529.89,CUST-1385
ORD-102036,2025-11-21,Desk Organizer,Books & Stationery,East,In-Store,1,31.56,31.56,CUST-1355
ORD-102037,2024-03-11,Self-Help Best Seller,Books & Stationery,East,In-Store,2,19.57,39.14,CUST-1068
ORD-102038,2024-03-05,Desk Organizer,Books & Stationery,South,Wholesale,20,25.25,505.0,CUST-1061
ORD-102039,2025-09-10,Cookware Set,Home & Kitchen,West,Online,4,144.98,579.92,CUST-1031
ORD-102040,2026-02-11,Hair Dryer,Beauty & Personal Care,North,Affiliate,4,61.15,244.6,CUST-1301
ORD-102041,2025-10-26,Running Shoes,Fashion,North,Online,5,117.96,589.8,CUST-1008
ORD-102042,2025-03-25,Sci-Fi Novel,Books & Stationery,East,Online,1,13.36,13.36,CUST-1337
ORD-102043,2024-06-25,Hair Dryer,Beauty & Personal Care,West,Wholesale,33,53.39,1761.87,CUST-1063
ORD-102044,2026-03-18,Smartwatch,Electronics,West,In-Store,2,224.57,449.14,CUST-1325
ORD-102045,2025-10-01,Designer Jeans,Fashion,North,In-Store,4,89.94,359.76,CUST-1181
ORD-102046,2024-08-06,Essential Oil Diffuser,Beauty & Personal Care,North,In-Store,3,28.52,85.56,CUST-1193
ORD-102047,2024-04-19,Skincare Gift Set,Beauty & Personal Care,East,In-Store,5,49.43,247.15,CUST-1027
ORD-102048,2025-05-28,Robotic Vacuum,Home & Kitchen,South,Affiliate,2,292.94,585.88,CUST-1104
ORD-102049,2024-01-24,Designer Jeans,Fashion,North,In-Store,1,98.85,98.85,CUST-1196
ORD-102050,2025-07-24,Fitness Tracker,Sports & Outdoors,East,In-Store,1,70.21,70.21,CUST-1200
ORD-102051,2024-05-14,Designer Jeans,Fashion,East,Affiliate,1,83.77,83.77,CUST-1145
ORD-102052,2024-11-28,Perfume,Beauty & Personal Care,West,Online,2,70.29,140.58,CUST-1342
ORD-102053,2025-10-14,Fitness Tracker,Sports & Outdoors,South,Online,2,58.8,117.6,CUST-1347
ORD-102054,2024-04-30,Skincare Gift Set,Beauty & Personal Care,West,Online,2,47.86,95.72,CUST-1149
ORD-102055,2025-08-07,Laptop,Electronics,East,Online,2,951.9,1903.8,CUST-1074
ORD-102056,2024-12-16,Coffee Maker,Home & Kitchen,West,In-Store,2,86.76,173.52,CUST-1262
ORD-102057,2025-01-02,Smartwatch,Electronics,West,Affiliate,2,244.58,489.16,CUST-1302
ORD-102058,2025-05-13,Casual T-Shirt,Fashion,South,,2,21.95,43.9,CUST-1356
ORD-102059,2025-08-12,Yoga Mat,Sports & Outdoors,South,Online,1,29.26,29.26,CUST-1009
ORD-102060,2025-10-19,Designer Jeans,Fashion,East,In-Store,1,88.28,88.28,CUST-1208
ORD-102061,2024-01-21,Hiking Backpack,Sports & Outdoors,West,In-Store,1,96.5,96.5,CUST-1329
ORD-102062,2025-01-30,Smart TV,Electronics,West,Online,2,614.07,1228.14,CUST-1334
ORD-102063,2026-05-07,Hiking Backpack,Sports & Outdoors,West,In-Store,2,76.1,152.2,CUST-1379
ORD-102064,2024-12-17,Camping Tent,Sports & Outdoors,North,Online,2,153.76,307.52,CUST-1315
ORD-102065,2024-02-29,Yoga Mat,Sports & Outdoors,West,Online,1,28.07,28.07,CUST-1195
ORD-102066,2024-06-06,Desk Organizer,Books & Stationery,East,In-Store,2,34.42,68.84,CUST-1142
ORD-102067,2025-08-31,Water Bottle,Sports & Outdoors,West,In-Store,4,20.08,80.32,CUST-1292
ORD-102068,2025-01-25,Desk Organizer,Books & Stationery,South,Online,1,27.65,27.65,CUST-1074
ORD-102069,2025-10-30,Self-Help Best Seller,Books & Stationery,East,Affiliate,3,22.4,67.2,CUST-1276
ORD-102070,2026-03-31,Fitness Tracker,Sports & Outdoors,East,Affiliate,5,64.55,322.75,CUST-1143
ORD-102071,2024-10-15,Bluetooth Speaker,Electronics,South,Online,2,68.81,137.62,CUST-1093
ORD-102072,2024-09-05,Perfume,Beauty & Personal Care,East,Wholesale,33,73.24,2416.92,CUST-1357
ORD-102073,2025-04-04,Fitness Tracker,Sports & Outdoors,East,Affiliate,2,73.05,146.1,CUST-1196
ORD-102074,2024-09-18,Skincare Gift Set,Beauty & Personal Care,North,Online,4,48.22,192.88,CUST-1144
ORD-102075,2024-08-08,Self-Help Best Seller,Books & Stationery,South,In-Store,1,22.09,22.09,CUST-1152
ORD-102076,2024-08-26,Sci-Fi Novel,Books & Stationery,South,Online,3,16.19,48.57,CUST-1075
ORD-102077,2024-11-24,Skincare Gift Set,Beauty & Personal Care,East,In-Store,1,51.66,51.66,CUST-1045
ORD-102078,2024-08-06,Fountain Pen,Books & Stationery,South,In-Store,1,30.88,30.88,CUST-1277
ORD-102079,2024-01-16,Dumbbells,Sports & Outdoors,South,In-Store,1,39.63,39.63,CUST-1213
ORD-102080,2025-11-27,Smart TV,Electronics,West,Affiliate,2,630.19,1260.38,CUST-1227
ORD-102081,2025-09-23,Air Fryer,Home & Kitchen,East,Affiliate,2,111.19,222.38,CUST-1055
ORD-102082,2025-02-16,Leather Jacket,Fashion,West,Wholesale,56,131.89,7385.84,CUST-1221
ORD-102083,2025-12-08,Cookware Set,Home & Kitchen,North,In-Store,3,145.81,437.43,CUST-1073
ORD-102084,2024-04-11,Smart TV,Electronics,East,In-Store,1,643.88,643.88,CUST-1272
ORD-102085,2024-11-12,Cookware Set,Home & Kitchen,South,Online,1,122.63,122.63,CUST-1374
ORD-102086,2025-07-20,Water Bottle,Sports & Outdoors,East,Online,3,15.51,46.53,CUST-1106
ORD-102087,2025-02-03,Designer Jeans,Fashion,South,Online,1,80.25,80.25,CUST-1091
ORD-102088,2024-09-30,Skincare Gift Set,Beauty & Personal Care,North,Online,1,52.34,52.34,CUST-1283
ORD-102089,2025-08-21,Dumbbells,Sports & Outdoors,South,Online,1,58.28,58.28,CUST-1145
ORD-102090,2024-01-16,Smart TV,Electronics,West,Online,4,623.48,2493.92,CUST-1323
ORD-102091,2024-06-24,Coffee Maker,Home & Kitchen,South,Online,2,91.39,182.78,CUST-1117
ORD-102092,2026-03-04,Essential Oil Diffuser,Beauty & Personal Care,West,Wholesale,21,23.82,500.22,CUST-1255
ORD-102093,2024-12-07,Skincare Gift Set,Beauty & Personal Care,East,Wholesale,17,36.76,624.92,CUST-1284
ORD-102094,2025-03-25,Yoga Mat,Sports & Outdoors,South,Online,2,27.2,54.4,CUST-1363
ORD-102095,2024-02-23,Perfume,Beauty & Personal Care,North,Online,1,86.82,86.82,CUST-1009
ORD-102096,2024-12-23,Winter Coat,Fashion,East,Online,2,147.68,295.36,CUST-1034
ORD-102097,2024-07-18,Smartwatch,Electronics,West,Online,2,245.55,491.1,CUST-1053
ORD-102098,2024-10-03,Coffee Maker,Home & Kitchen,South,In-Store,5,98.66,493.3,CUST-1333
ORD-102099,2024-10-30,Bluetooth Speaker,Electronics,East,Affiliate,1,60.69,60.69,CUST-1069
ORD-102100,2026-02-03,Running Shoes,Fashion,East,Online,2,105.11,210.22,CUST-1182
ORD-102101,2024-12-30,Sci-Fi Novel,Books & Stationery,North,Online,1,14.97,14.97,CUST-1204
ORD-102102,2025-05-13,Designer Jeans,Fashion,North,Affiliate,2,95.71,191.42,CUST-1038
ORD-102103,2025-09-25,Running Shoes,Fashion,East,In-Store,2,98.68,197.36,CUST-1024
ORD-102104,2025-03-04,Camping Tent,Sports & Outdoors,South,Online,1,130.62,130.62,CUST-1145
ORD-102105,2025-09-06,Cookware Set,Home & Kitchen,South,Online,3,122.93,368.79,CUST-1312
ORD-102106,2025-12-28,Makeup Kit,Beauty & Personal Care,West,In-Store,2,58.11,116.22,CUST-1358
ORD-102107,2025-11-01,Water Bottle,Sports & Outdoors,East,In-Store,1,21.14,21.14,CUST-1344
ORD-102108,2024-08-28,Hair Dryer,Beauty & Personal Care,West,Online,1,65.79,65.79,CUST-1222
ORD-102109,2026-03-14,Water Bottle,Sports & Outdoors,North,Affiliate,5,21.38,106.9,CUST-1023
ORD-102110,2024-05-19,Sci-Fi Novel,Books & Stationery,East,Online,2,16.26,32.52,CUST-1052
ORD-102111,2026-02-26,Camping Tent,Sports & Outdoors,North,In-Store,2,187.69,375.38,CUST-1068
ORD-102112,2026-02-12,Air Fryer,Home & Kitchen,South,Online,1,118.63,118.63,CUST-1120
ORD-102113,2024-04-16,Hiking Backpack,Sports & Outdoors,East,Online,2,85.5,171.0,CUST-1173
ORD-102114,2024-12-19,Coffee Maker,Home & Kitchen,East,Online,2,95.99,191.98,CUST-1083
ORD-102115,2025-10-06,Smartphone,Electronics,South,In-Store,1,715.54,715.54,CUST-1274
ORD-102116,2024-12-23,Ergonomic Chair,Home & Kitchen,South,Online,3,198.1,594.3,CUST-1272
ORD-102117,2024-06-04,Yoga Mat,Sports & Outdoors,,In-Store,1,39.45,39.45,CUST-1394
ORD-102118,2026-03-11,Skincare Gift Set,Beauty & Personal Care,West,In-Store,5,48.02,240.1,CUST-1256
ORD-102119,2025-05-30,Wireless Headphones,Electronics,East,In-Store,4,146.93,587.72,CUST-1173
ORD-102120,2024-11-20,Air Fryer,Home & Kitchen,West,Online,1,99.54,99.54,CUST-1239
ORD-102121,2026-01-07,Leather Jacket,Fashion,North,In-Store,1,166.79,166.79,CUST-1362
ORD-102122,2026-05-23,Smartphone,Electronics,North,Online,2,702.15,1404.3,CUST-1006
ORD-102123,2025-09-16,Smartphone,Electronics,South,Affiliate,1,789.24,789.24,CUST-1101
ORD-102124,2025-05-25,Designer Jeans,Fashion,North,Affiliate,2,98.74,197.48,CUST-1193
ORD-102125,2025-04-17,Makeup Kit,Beauty & Personal Care,South,Online,1,52.75,52.75,CUST-1141
ORD-102126,2026-01-29,Running Shoes,Fashion,East,Online,2,108.84,217.68,CUST-1140
ORD-102127,2024-12-17,Leather Journal,Books & Stationery,East,Online,1,22.13,22.13,CUST-1251
ORD-102128,2026-03-14,Leather Journal,Books & Stationery,South,Online,3,28.42,85.26,CUST-1324
ORD-102129,2024-08-25,Essential Oil Diffuser,Beauty & Personal Care,West,Online,3,31.23,93.69,CUST-1399
ORD-102130,2025-11-27,Cookware Set,Home & Kitchen,West,Online,4,157.03,628.12,CUST-1283
ORD-102131,2025-04-24,Wireless Headphones,Electronics,North,Online,1,148.04,148.04,CUST-1359
ORD-102132,2024-02-02,Bluetooth Speaker,Electronics,South,In-Store,1,65.82,65.82,CUST-1073
ORD-102133,2025-02-09,Blender,Home & Kitchen,East,In-Store,2,53.05,106.1,CUST-1160
ORD-102134,2024-10-08,Ergonomic Chair,Home & Kitchen,East,Online,1,195.49,195.49,CUST-1078
ORD-102135,2025-10-31,Blender,Home & Kitchen,West,Online,1,53.02,53.02,CUST-1111
ORD-102136,2025-05-11,Winter Coat,Fashion,West,In-Store,1,165.46,165.46,CUST-1215
ORD-102137,2026-03-26,Leather Journal,Books & Stationery,South,In-Store,3,20.4,61.2,CUST-1360
ORD-102138,2025-08-06,Robotic Vacuum,Home & Kitchen,West,Online,4,297.84,1191.36,CUST-1237
ORD-102139,2025-11-08,Laptop,Electronics,North,Affiliate,1,946.77,946.77,CUST-1154
ORD-102140,2024-06-16,Laptop,Electronics,South,Wholesale,32,807.57,25842.24,CUST-1327
ORD-102141,2024-12-10,Makeup Kit,Beauty & Personal Care,West,Wholesale,58,51.04,2960.32,CUST-1022
ORD-102142,2025-12-30,Designer Jeans,Fashion,East,In-Store,2,94.81,189.62,CUST-1377
ORD-102143,2025-07-03,Winter Coat,Fashion,East,In-Store,2,139.2,278.4,CUST-1314
ORD-102144,2025-06-08,Designer Jeans,Fashion,East,In-Store,3,87.74,263.22,CUST-1105
ORD-102145,2024-04-29,Running Shoes,Fashion,North,Online,2,106.2,212.4,CUST-1061
ORD-102146,2024-04-28,Perfume,Beauty & Personal Care,East,Wholesale,33,52.47,1731.51,CUST-1066
ORD-102147,2025-01-03,Hair Dryer,Beauty & Personal Care,East,,1,56.93,56.93,CUST-1087
ORD-102148,2025-08-23,Smartphone,Electronics,South,In-Store,1,746.51,746.51,CUST-1291
ORD-102149,2026-01-14,Hiking Backpack,Sports & Outdoors,South,In-Store,1,71.83,71.83,CUST-1113
ORD-102150,2025-07-28,Dumbbells,Sports & Outdoors,East,In-Store,4,56.34,225.36,CUST-1036
ORD-102151,2025-12-15,Desk Organizer,Books & Stationery,East,In-Store,2,30.46,60.92,CUST-1045
ORD-102152,2024-06-16,Desk Organizer,Books & Stationery,East,Online,4,32.43,129.72,CUST-1021
ORD-102153,2024-08-19,Winter Coat,Fashion,North,Online,1,149.71,149.71,CUST-1064
ORD-102154,2026-04-15,Makeup Kit,Beauty & Personal Care,West,Online,3,50.05,150.15,CUST-1173
ORD-102155,2025-03-16,Self-Help Best Seller,Books & Stationery,North,Affiliate,3,19.11,57.33,CUST-1165
ORD-102156,2025-11-02,Essential Oil Diffuser,Beauty & Personal Care,South,Affiliate,1,26.95,26.95,CUST-1082
ORD-102157,2026-02-15,Hiking Backpack,Sports & Outdoors,North,Online,1,77.56,77.56,CUST-1088
ORD-102158,2024-11-28,Yoga Mat,Sports & Outdoors,West,Online,1,28.11,28.11,CUST-1043
ORD-102159,2026-02-01,Leather Journal,Books & Stationery,North,Online,1,20.03,20.03,CUST-1344
ORD-102160,2025-05-27,Coffee Maker,Home & Kitchen,East,Affiliate,2,89.24,178.48,CUST-1140
ORD-102161,2024-09-12,Casual T-Shirt,Fashion,East,Affiliate,3,26.8,80.4,CUST-1056
ORD-102162,2025-05-12,Hair Dryer,Beauty & Personal Care,East,Online,2,59.26,118.52,CUST-1201
ORD-102163,2024-06-27,Fitness Tracker,Sports & Outdoors,East,In-Store,2,77.79,155.58,CUST-1147
ORD-102164,2026-02-19,Essential Oil Diffuser,Beauty & Personal Care,West,Online,4,33.83,135.32,CUST-1053
ORD-102165,2024-02-06,Makeup Kit,Beauty & Personal Care,West,Online,3,51.06,153.18,CUST-1022
ORD-102166,2025-05-17,Yoga Mat,Sports & Outdoors,East,Online,4,28.06,112.24,CUST-1038
ORD-102167,2025-12-29,Cookware Set,Home & Kitchen,East,Online,3,125.72,377.16,CUST-1294
ORD-102168,2024-04-20,Fountain Pen,Books & Stationery,East,Affiliate,1,30.83,30.83,CUST-1349
ORD-102169,2026-04-03,Ergonomic Chair,Home & Kitchen,South,Online,4,204.48,817.92,CUST-1158
ORD-102170,2026-03-08,Laptop,Electronics,South,In-Store,2,946.21,1892.42,CUST-1053
ORD-102171,2024-01-09,Essential Oil Diffuser,Beauty & Personal Care,South,Affiliate,1,28.01,28.01,CUST-1082
ORD-102172,2025-02-18,Sci-Fi Novel,Books & Stationery,West,Online,2,18.57,37.14,CUST-1336
ORD-102173,2026-03-12,Self-Help Best Seller,Books & Stationery,East,In-Store,1,17.27,17.27,CUST-1053
ORD-102174,2024-02-24,Essential Oil Diffuser,Beauty & Personal Care,West,Online,1,31.97,31.97,CUST-1053
ORD-102175,2024-05-25,Smartwatch,Electronics,East,Online,4,202.2,808.8,CUST-1072
ORD-102176,2026-03-25,Desk Organizer,Books & Stationery,West,Online,2,24.99,49.98,CUST-1019
ORD-102177,2024-10-25,Winter Coat,Fashion,North,Wholesale,57,113.51,6470.07,CUST-1104
ORD-102178,2024-03-11,Wireless Headphones,Electronics,West,Online,1,137.85,137.85,CUST-1205
ORD-102179,2024-09-20,Designer Jeans,Fashion,North,Online,3,92.0,276.0,CUST-1094
ORD-102180,2026-02-08,Self-Help Best Seller,Books & Stationery,East,In-Store,2,19.31,38.62,CUST-1156
ORD-102181,2025-06-22,Hiking Backpack,Sports & Outdoors,West,Online,2,72.86,145.72,CUST-1330
ORD-102182,2025-01-26,Leather Journal,Books & Stationery,North,In-Store,2,28.36,56.72,CUST-1125
ORD-102183,2025-08-14,Smartwatch,Electronics,North,Online,1,244.19,244.19,CUST-1006
ORD-102184,2024-01-11,Perfume,Beauty & Personal Care,South,Online,1,73.61,73.61,CUST-1096
ORD-102185,2024-01-24,Wireless Headphones,Electronics,West,In-Store,4,148.33,593.32,CUST-1028
ORD-102186,2024-02-19,Leather Jacket,Fashion,East,In-Store,2,186.63,373.26,CUST-1326
ORD-102187,2024-12-01,Laptop,Electronics,West,Affiliate,2,945.84,1891.68,CUST-1092
ORD-102188,2025-05-29,Winter Coat,Fashion,,In-Store,2,136.58,273.16,CUST-1360
ORD-102189,2024-09-18,Winter Coat,Fashion,West,Wholesale,39,140.08,5463.12,CUST-1090
ORD-102190,2025-08-22,Casual T-Shirt,Fashion,West,Wholesale,47,22.16,1041.52,CUST-1213
ORD-102191,2025-03-22,Wireless Headphones,Electronics,West,Online,4,135.54,542.16,CUST-1053
ORD-102192,2025-08-21,Robotic Vacuum,Home & Kitchen,West,In-Store,1,264.88,264.88,CUST-1227
ORD-102193,2026-04-12,Perfume,Beauty & Personal Care,East,Affiliate,2,86.75,173.5,CUST-1302
ORD-102194,2025-02-14,Sci-Fi Novel,Books & Stationery,West,Online,1,15.77,15.77,CUST-1250
ORD-102195,2025-09-29,Smart TV,Electronics,North,Online,2,626.52,1253.04,CUST-1102
ORD-102196,2026-04-15,Running Shoes,Fashion,North,Online,1,93.45,93.45,CUST-1082
ORD-102197,2026-03-19,Sunglasses,Fashion,West,Online,1,67.63,67.63,CUST-1107
ORD-102198,2024-11-11,Hair Dryer,Beauty & Personal Care,East,Online,1,51.41,51.41,CUST-1139
ORD-102199,2024-03-02,Sunglasses,Fashion,West,In-Store,1,77.22,77.22,CUST-1300
ORD-102200,2025-02-04,Yoga Mat,Sports & Outdoors,North,Online,2,27.7,55.4,CUST-1218
ORD-102201,2024-11-14,Perfume,Beauty & Personal Care,South,In-Store,2,61.11,122.22,CUST-1132
ORD-102202,2025-09-01,Winter Coat,Fashion,West,Online,1,156.5,156.5,CUST-1281
ORD-102203,2025-06-13,Sunglasses,Fashion,West,Online,2,55.86,111.72,CUST-1326
ORD-102204,2025-07-30,Sunglasses,Fashion,North,In-Store,1,63.84,63.84,CUST-1357
ORD-102205,2025-10-29,Perfume,Beauty & Personal Care,South,Wholesale,59,66.78,3940.02,CUST-1178
ORD-102206,2024-12-21,Perfume,Beauty & Personal Care,West,Affiliate,1,86.37,86.37,CUST-1152
ORD-102207,2024-08-06,Robotic Vacuum,Home & Kitchen,South,Online,2,274.67,549.34,CUST-1064
ORD-102208,2024-03-22,Yoga Mat,Sports & Outdoors,East,In-Store,2,28.77,57.54,CUST-1276
ORD-102209,2024-11-28,Self-Help Best Seller,Books & Stationery,South,Online,4,19.36,77.44,CUST-1204
ORD-102210,2026-05-27,Makeup Kit,Beauty & Personal Care,North,Online,4,52.68,210.72,CUST-1309
ORD-102211,2026-03-18,Sunglasses,Fashion,South,In-Store,2,51.78,103.56,CUST-1093
ORD-102212,2024-09-09,Makeup Kit,Beauty & Personal Care,West,Online,2,56.89,113.78,CUST-1213
ORD-102213,2024-04-07,Winter Coat,Fashion,East,Affiliate,1,155.57,155.57,CUST-1164
ORD-102214,2024-04-25,Leather Journal,Books & Stationery,North,Online,5,26.56,132.8,CUST-1060
ORD-102215,2025-08-11,Sci-Fi Novel,Books & Stationery,South,In-Store,1,17.46,17.46,CUST-1340
ORD-102216,2025-03-01,Running Shoes,Fashion,North,In-Store,4,107.04,428.16,CUST-1176
ORD-102217,2024-11-18,Winter Coat,Fashion,East,Online,2,156.52,313.04,CUST-1302
ORD-102218,2026-01-16,Dumbbells,Sports & Outdoors,South,In-Store,1,36.11,36.11,CUST-1245
ORD-102219,2025-07-11,Bluetooth Speaker,Electronics,South,Affiliate,5,76.64,383.2,CUST-1166
ORD-102220,2025-07-31,Winter Coat,Fashion,South,In-Store,2,170.44,340.88,CUST-1234
ORD-102221,2025-10-04,Self-Help Best Seller,Books & Stationery,,Online,4,16.67,66.68,CUST-1303
ORD-102222,2026-05-17,Winter Coat,Fashion,East,Online,4,145.47,581.88,CUST-1254
ORD-102223,2024-03-29,Blender,Home & Kitchen,West,In-Store,5,53.02,265.1,CUST-1037
ORD-102224,2026-05-06,Smart TV,Electronics,North,Online,5,636.24,3181.2,CUST-1393
ORD-102225,2024-02-19,Smart TV,Electronics,South,Online,1,641.99,641.99,CUST-1129
ORD-102226,2026-03-09,Dumbbells,Sports & Outdoors,East,In-Store,5,43.11,215.55,CUST-1257
ORD-102227,2025-11-29,Ergonomic Chair,Home & Kitchen,North,Online,2,200.72,401.44,CUST-1009
ORD-102228,2024-07-05,Bluetooth Speaker,Electronics,North,Online,2,75.13,150.26,CUST-1389
ORD-102229,2025-07-18,Camping Tent,Sports & Outdoors,South,In-Store,1,179.06,179.06,CUST-1219
ORD-102230,2024-12-30,Blender,Home & Kitchen,East,Wholesale,58,45.08,2614.64,CUST-1092
ORD-102231,2024-10-12,Smart TV,Electronics,East,Online,3,638.92,1916.76,CUST-1137
ORD-102232,2025-03-10,Camping Tent,Sports & Outdoors,West,In-Store,2,143.79,287.58,CUST-1211
ORD-102233,2024-11-13,Skincare Gift Set,Beauty & Personal Care,West,Affiliate,3,45.93,137.79,CUST-1222
ORD-102234,2025-11-22,Fitness Tracker,Sports & Outdoors,North,Affiliate,2,66.09,132.18,CUST-1393
ORD-102235,2025-02-11,Perfume,Beauty & Personal Care,East,Online,2,73.54,147.08,CUST-1329
ORD-102236,2026-01-06,Hair Dryer,Beauty & Personal Care,West,Online,1,55.76,55.76,CUST-1351
ORD-102237,2025-10-31,Smart TV,Electronics,South,Affiliate,1,617.72,617.72,CUST-1181
ORD-102238,2025-06-07,Hiking Backpack,Sports & Outdoors,North,Online,1,81.79,81.79,CUST-1055
ORD-102239,2024-08-04,Fitness Tracker,Sports & Outdoors,South,Wholesale,25,52.39,1309.75,CUST-1193
ORD-102240,2025-10-28,Casual T-Shirt,Fashion,West,Wholesale,27,19.54,527.58,CUST-1328
ORD-102241,2024-08-07,Fitness Tracker,Sports & Outdoors,North,Online,2,66.9,133.8,CUST-1121
ORD-102242,2025-12-16,Yoga Mat,Sports & Outdoors,North,Online,4,35.28,141.12,CUST-1302
ORD-102243,2025-07-29,Skincare Gift Set,Beauty & Personal Care,East,In-Store,5,45.48,227.4,CUST-1114
ORD-102244,2025-04-25,Hiking Backpack,Sports & Outdoors,East,In-Store,4,88.94,355.76,CUST-1321
ORD-102245,2024-05-22,Yoga Mat,Sports & Outdoors,West,Affiliate,1,27.64,27.64,CUST-1040
ORD-102246,2026-05-02,Fountain Pen,Books & Stationery,West,Online,2,38.55,77.1,CUST-1175
ORD-102247,2024-02-21,Bluetooth Speaker,Electronics,South,In-Store,1,77.19,77.19,CUST-1023
ORD-102248,2024-12-07,Self-Help Best Seller,Books & Stationery,South,Online,3,16.93,50.79,CUST-1001
ORD-102249,2024-05-29,Smartwatch,Electronics,South,Online,1,214.0,214.0,CUST-1291
ORD-102250,2025-08-08,Designer Jeans,Fashion,North,In-Store,5,86.05,430.25,CUST-1014
ORD-102251,2024-09-29,Hair Dryer,Beauty & Personal Care,South,Online,3,60.15,180.45,CUST-1081
ORD-102252,2025-02-04,Bluetooth Speaker,Electronics,East,In-Store,1,61.74,61.74,CUST-1022
ORD-102253,2025-08-29,Laptop,Electronics,South,In-Store,1,978.21,978.21,CUST-1164
ORD-102254,2026-03-12,Wireless Headphones,Electronics,South,In-Store,1,142.57,142.57,CUST-1388
ORD-102255,2025-04-06,Makeup Kit,Beauty & Personal Care,East,Online,1,60.3,60.3,CUST-1292
ORD-102256,2024-11-26,Hiking Backpack,Sports & Outdoors,West,Wholesale,51,59.93,3056.43,CUST-1351
ORD-102257,2026-04-07,Smartphone,Electronics,East,In-Store,2,723.61,1447.22,CUST-1178
ORD-102258,2024-08-09,Yoga Mat,Sports & Outdoors,East,Online,1,34.51,34.51,CUST-1230
ORD-102259,2025-12-27,Smartphone,Electronics,East,Online,1,784.59,784.59,CUST-1340
ORD-102260,2024-02-19,Robotic Vacuum,Home & Kitchen,North,Online,1,294.18,294.18,CUST-1135
ORD-102261,2025-12-06,Fountain Pen,Books & Stationery,South,In-Store,1,30.12,30.12,CUST-1186
ORD-102262,2024-04-17,Skincare Gift Set,Beauty & Personal Care,West,Online,1,52.01,52.01,CUST-1052
ORD-102263,2025-10-01,Fountain Pen,Books & Stationery,West,Online,1,44.63,44.63,CUST-1209
ORD-102264,2026-04-28,Makeup Kit,Beauty & Personal Care,South,Online,1,49.54,49.54,CUST-1277
ORD-102265,2025-10-25,Desk Organizer,Books & Stationery,South,In-Store,1,34.15,34.15,CUST-1357
ORD-102266,2025-03-19,Yoga Mat,Sports & Outdoors,South,Affiliate,1,30.61,30.61,CUST-1202
ORD-102267,2024-08-13,Robotic Vacuum,Home & Kitchen,West,In-Store,2,250.16,500.32,CUST-1316
ORD-102268,2025-10-27,Wireless Headphones,Electronics,North,Online,2,139.62,279.24,CUST-1152
ORD-102269,2025-11-14,Coffee Maker,Home & Kitchen,West,Online,2,94.68,189.36,CUST-1328
ORD-102270,2024-07-20,Winter Coat,Fashion,North,Online,1,160.83,160.83,CUST-1183
ORD-102271,2024-08-31,Camping Tent,Sports & Outdoors,South,In-Store,2,153.15,306.3,CUST-1059
ORD-102272,2025-11-01,Cookware Set,Home & Kitchen,West,In-Store,1,127.96,127.96,CUST-1142
ORD-102273,2025-06-08,Running Shoes,Fashion,South,Online,5,101.19,505.95,CUST-1026
ORD-102274,2025-02-02,Leather Journal,Books & Stationery,South,Online,4,22.44,89.76,CUST-1301
ORD-102275,2026-05-14,Air Fryer,Home & Kitchen,North,In-Store,3,107.9,323.7,CUST-1172
ORD-102276,2026-01-01,Essential Oil Diffuser,Beauty & Personal Care,South,In-Store,2,34.38,68.76,CUST-1164
ORD-102277,2025-01-06,Leather Jacket,Fashion,North,Online,4,193.69,774.76,CUST-1187
ORD-102278,2025-10-13,Blender,Home & Kitchen,South,In-Store,2,66.92,133.84,CUST-1068
ORD-102279,2024-12-19,Camping Tent,Sports & Outdoors,East,Online,3,144.74,434.22,CUST-1359
ORD-102280,2024-01-05,Dumbbells,Sports & Outdoors,West,Online,1,56.38,56.38,CUST-1338
ORD-102281,2024-10-30,Dumbbells,Sports & Outdoors,South,Wholesale,18,46.07,829.26,CUST-1310
ORD-102282,2025-03-26,Blender,Home & Kitchen,South,Online,3,59.68,179.04,CUST-1394
ORD-102283,2024-12-14,Running Shoes,Fashion,West,In-Store,1,118.98,118.98,CUST-1278
ORD-102284,2024-12-06,Designer Jeans,Fashion,North,Online,2,86.2,172.4,CUST-1322
ORD-102285,2026-05-02,Self-Help Best Seller,Books & Stationery,South,Online,3,22.08,66.24,CUST-1116
ORD-102286,2025-11-16,Fitness Tracker,Sports & Outdoors,East,Online,1,66.33,66.33,CUST-1166
ORD-102287,2025-05-26,Camping Tent,Sports & Outdoors,West,Wholesale,52,134.51,6994.52,CUST-1197
ORD-102288,2025-10-09,Laptop,Electronics,West,In-Store,3,912.26,2736.78,CUST-1070
ORD-102289,2025-03-13,Dumbbells,Sports & Outdoors,West,Affiliate,3,58.53,175.59,CUST-1168
ORD-102290,2026-03-13,Wireless Headphones,Electronics,West,Affiliate,2,143.22,286.44,CUST-1334
ORD-102291,2026-01-12,Hair Dryer,Beauty & Personal Care,South,Affiliate,1,72.75,72.75,CUST-1351
ORD-102292,2025-08-21,Hair Dryer,Beauty & Personal Care,West,Online,1,52.73,52.73,CUST-1390
ORD-102293,2025-09-09,Wireless Headphones,Electronics,South,Online,4,146.3,585.2,CUST-1095
ORD-102294,2024-04-15,Leather Journal,Books & Stationery,West,Affiliate,1,29.07,29.07,CUST-1141
ORD-102295,2024-03-01,Leather Journal,Books & Stationery,South,Online,1,28.95,28.95,CUST-1138
ORD-102296,2025-09-13,Smartwatch,Electronics,South,Wholesale,53,191.45,10146.85,CUST-1137
ORD-102297,2025-03-29,Running Shoes,Fashion,East,Online,1,103.98,103.98,CUST-1336
ORD-102298,2024-02-05,Essential Oil Diffuser,Beauty & Personal Care,West,In-Store,1,29.36,29.36,CUST-1236
ORD-102299,2025-05-23,Designer Jeans,Fashion,East,Online,1,88.05,88.05,CUST-1079
ORD-102300,2025-05-04,Bluetooth Speaker,Electronics,South,In-Store,1,63.75,63.75,CUST-1299
ORD-102301,2026-03-14,Sunglasses,Fashion,West,Online,1,56.41,56.41,CUST-1179
ORD-102302,2025-02-12,Essential Oil Diffuser,Beauty & Personal Care,East,Online,2,26.49,52.98,CUST-1375
ORD-102303,2025-02-23,Robotic Vacuum,Home & Kitchen,North,Online,1,257.27,257.27,CUST-1316
ORD-102304,2024-01-04,Fountain Pen,Books & Stationery,East,Online,2,42.96,85.92,CUST-1336
ORD-102305,2025-07-09,Fitness Tracker,Sports & Outdoors,North,Online,1,55.26,55.26,CUST-1350
ORD-102306,2026-04-26,Cookware Set,Home & Kitchen,South,Online,2,154.84,309.68,CUST-1042
ORD-102307,2024-12-26,Blender,Home & Kitchen,South,In-Store,3,52.9,158.7,CUST-1033
ORD-102308,2026-04-06,Winter Coat,Fashion,East,Online,5,164.0,820.0,CUST-1206
ORD-102309,2024-07-22,Self-Help Best Seller,Books & Stationery,South,Online,3,17.72,53.16,CUST-1323
ORD-102310,2025-08-05,Sunglasses,Fashion,East,In-Store,3,58.06,174.18,CUST-1394
ORD-102311,2025-04-07,Laptop,Electronics,West,In-Store,1,957.68,957.68,CUST-1007
ORD-102312,2026-05-08,Laptop,Electronics,West,Online,4,987.3,3949.2,CUST-1099
ORD-102313,2024-04-14,Smartwatch,Electronics,South,Affiliate,5,230.42,1152.1,CUST-1225
ORD-102314,2024-12-25,Robotic Vacuum,Home & Kitchen,South,Affiliate,4,282.43,1129.72,CUST-1195
ORD-102315,2026-04-17,Ergonomic Chair,Home & Kitchen,East,In-Store,3,197.82,593.46,CUST-1222
ORD-102316,2024-06-14,Leather Journal,Books & Stationery,West,In-Store,2,27.99,55.98,CUST-1284
ORD-102317,2025-11-14,Ergonomic Chair,Home & Kitchen,North,Online,3,222.95,668.85,CUST-1297
ORD-102318,2026-03-28,Running Shoes,Fashion,West,Affiliate,1,95.91,95.91,CUST-1202
ORD-102319,2024-08-27,Skincare Gift Set,Beauty & Personal Care,North,Wholesale,57,48.9,2787.3,CUST-1242
ORD-102320,2026-03-01,Perfume,Beauty & Personal Care,East,In-Store,2,89.17,178.34,CUST-1231
ORD-102321,2026-01-19,Leather Journal,Books & Stationery,West,In-Store,2,22.14,44.28,CUST-1116
ORD-102322,2025-03-09,Robotic Vacuum,Home & Kitchen,North,In-Store,2,285.51,571.02,CUST-1250
ORD-102323,2025-09-29,Dumbbells,Sports & Outdoors,East,Online,3,42.85,128.55,CUST-1153
ORD-102324,2025-09-10,Sci-Fi Novel,Books & Stationery,East,Wholesale,26,14.17,368.42,CUST-1062
ORD-102325,2025-09-03,Hair Dryer,Beauty & Personal Care,South,Online,1,52.84,52.84,CUST-1038
ORD-102326,2024-02-24,Smartwatch,Electronics,East,Online,2,227.03,454.06,CUST-1045
ORD-102327,2024-11-11,Fitness Tracker,Sports & Outdoors,East,In-Store,1,60.26,60.26,CUST-1186
ORD-102328,2025-09-19,Sci-Fi Novel,Books & Stationery,North,In-Store,2,15.23,30.46,CUST-1053
ORD-102329,2024-04-21,Ergonomic Chair,Home & Kitchen,West,In-Store,1,200.49,200.49,CUST-1125
ORD-102330,2025-09-01,Makeup Kit,Beauty & Personal Care,West,Online,4,46.62,186.48,CUST-1206
ORD-102331,2025-10-05,Smart TV,Electronics,West,In-Store,1,629.77,629.77,CUST-1129
ORD-102332,2024-12-29,Hair Dryer,Beauty & Personal Care,South,Online,3,72.34,217.02,CUST-1208
ORD-102333,2024-08-28,Designer Jeans,Fashion,North,Affiliate,2,96.63,193.26,CUST-1144
ORD-102334,2025-02-18,Smartwatch,Electronics,South,Online,1,244.0,244.0,CUST-1048
ORD-102335,2024-06-03,Essential Oil Diffuser,Beauty & Personal Care,East,Affiliate,1,25.69,25.69,CUST-1362
ORD-102336,2025-03-25,Fitness Tracker,Sports & Outdoors,South,Online,2,52.73,105.46,CUST-1190
ORD-102337,2024-12-05,Essential Oil Diffuser,Beauty & Personal Care,West,Online,5,32.56,162.8,CUST-1381
ORD-102338,2025-04-18,Camping Tent,Sports & Outdoors,West,Wholesale,45,141.67,6375.15,CUST-1021
ORD-102339,2024-01-17,Coffee Maker,Home & Kitchen,South,Wholesale,27,74.15,2002.05,CUST-1199
ORD-102340,2025-01-29,Leather Jacket,Fashion,South,Online,4,184.1,736.4,CUST-1348
ORD-102341,2025-12-01,Fitness Tracker,Sports & Outdoors,East,Online,2,69.93,139.86,CUST-1074
ORD-102342,2026-05-27,Essential Oil Diffuser,Beauty & Personal Care,West,In-Store,4,33.22,132.88,CUST-1097
ORD-102343,2025-08-16,Hiking Backpack,Sports & Outdoors,East,Online,3,99.36,298.08,CUST-1385
ORD-102344,2025-04-27,Dumbbells,Sports & Outdoors,South,Online,1,35.99,35.99,CUST-1377
ORD-102345,2024-01-27,Makeup Kit,Beauty & Personal Care,East,Online,1,54.86,54.86,CUST-1370
ORD-102346,2026-05-13,Leather Journal,Books & Stationery,East,Affiliate,1,29.62,29.62,CUST-1084
ORD-102347,2024-11-01,Laptop,Electronics,East,In-Store,1,916.26,916.26,CUST-1132
ORD-102348,2024-01-30,Cookware Set,Home & Kitchen,South,In-Store,2,128.93,257.86,CUST-1021
ORD-102349,2024-12-04,Cookware Set,Home & Kitchen,South,In-Store,4,122.42,489.68,CUST-1058
ORD-102350,2026-02-02,Essential Oil Diffuser,Beauty & Personal Care,West,In-Store,1,28.18,28.18,CUST-1185
ORD-102351,2025-12-18,Makeup Kit,Beauty & Personal Care,South,Online,4,52.61,210.44,CUST-1240
ORD-102352,2025-07-10,Robotic Vacuum,Home & Kitchen,North,Online,3,277.41,832.23,CUST-1079
ORD-102353,2024-11-07,Camping Tent,Sports & Outdoors,East,In-Store,2,138.2,276.4,CUST-1160
ORD-102354,2024-03-02,Fitness Tracker,Sports & Outdoors,South,Online,4,69.9,279.6,CUST-1307
ORD-102355,2025-05-29,Smart TV,Electronics,East,Online,5,648.89,3244.45,CUST-1399
ORD-102356,2024-06-14,Hiking Backpack,Sports & Outdoors,North,In-Store,1,78.55,78.55,CUST-1069
ORD-102357,2025-11-24,Casual T-Shirt,Fashion,North,In-Store,1,28.0,28.0,CUST-1121
ORD-102358,2025-10-08,Smartphone,Electronics,East,Online,1,784.8,784.8,CUST-1026
ORD-102359,2026-01-02,Designer Jeans,Fashion,East,Online,3,90.19,270.57,CUST-1245
ORD-102360,2025-12-08,Skincare Gift Set,Beauty & Personal Care,South,In-Store,1,41.81,41.81,CUST-1296
ORD-102361,2026-02-14,Desk Organizer,Books & Stationery,West,Online,2,25.3,50.6,CUST-1396
ORD-102362,2026-01-12,Sci-Fi Novel,Books & Stationery,North,Online,1,14.34,14.34,CUST-1201
ORD-102363,2024-02-28,Hiking Backpack,Sports & Outdoors,West,In-Store,4,98.84,395.36,CUST-1033
ORD-102364,2024-12-05,Leather Journal,Books & Stationery,North,Online,1,28.36,28.36,CUST-1292
ORD-102365,2025-03-19,Leather Journal,Books & Stationery,South,Affiliate,2,29.44,58.88,CUST-1348
ORD-102366,2024-10-28,Smartphone,Electronics,North,Online,2,782.16,1564.32,CUST-1091
ORD-102367,2026-04-30,Designer Jeans,Fashion,South,In-Store,2,98.66,197.32,CUST-1284
ORD-102368,2024-03-06,Bluetooth Speaker,Electronics,East,Online,2,72.64,145.28,CUST-1349
ORD-102369,2026-01-08,Camping Tent,Sports & Outdoors,West,Online,2,179.71,359.42,CUST-1209
ORD-102370,2024-09-12,Robotic Vacuum,Home & Kitchen,South,Online,2,262.54,525.08,CUST-1034
ORD-102371,2026-04-14,Perfume,Beauty & Personal Care,North,Online,3,65.08,195.24,CUST-1370
ORD-102372,2024-09-08,Robotic Vacuum,Home & Kitchen,West,In-Store,1,278.17,278.17,CUST-1358
ORD-102373,2025-08-18,Leather Journal,Books & Stationery,North,In-Store,2,22.92,45.84,CUST-1293
ORD-102374,2024-08-19,Hiking Backpack,Sports & Outdoors,North,Online,1,91.98,91.98,CUST-1285
ORD-102375,2024-01-22,Hiking Backpack,Sports & Outdoors,East,Online,1,88.33,88.33,CUST-1282
ORD-102376,2024-11-30,Leather Journal,Books & Stationery,West,Online,5,25.48,127.4,CUST-1152
ORD-102377,2026-05-19,Blender,Home & Kitchen,East,Online,1,65.48,65.48,CUST-1182
ORD-102378,2025-03-30,Perfume,Beauty & Personal Care,East,Online,3,84.27,252.81,CUST-1127
ORD-102379,2024-06-02,Desk Organizer,Books & Stationery,East,Online,1,27.2,27.2,CUST-1135
ORD-102380,2025-11-19,Blender,Home & Kitchen,West,In-Store,1,59.48,59.48,CUST-1326
ORD-102381,2024-03-09,Hair Dryer,Beauty & Personal Care,North,In-Store,2,50.77,101.54,CUST-1379
ORD-102382,2025-10-19,Fitness Tracker,Sports & Outdoors,East,Online,2,52.94,105.88,CUST-1256
ORD-102383,2024-05-11,Bluetooth Speaker,Electronics,North,In-Store,1,67.54,67.54,CUST-1050
ORD-102384,2025-05-17,Sunglasses,Fashion,East,Online,1,63.3,63.3,CUST-1080
ORD-102385,2025-11-08,Winter Coat,Fashion,South,In-Store,3,158.08,474.24,CUST-1078
ORD-102386,2024-07-12,Essential Oil Diffuser,Beauty & Personal Care,North,In-Store,2,32.02,64.04,CUST-1246
ORD-102387,2025-12-26,Coffee Maker,Home & Kitchen,North,Online,1,99.06,99.06,CUST-1029
ORD-102388,2025-03-30,Winter Coat,Fashion,North,Online,4,130.48,521.92,CUST-1254
ORD-102389,2024-08-01,Self-Help Best Seller,Books & Stationery,North,Online,5,20.85,104.25,CUST-1095
ORD-102390,2026-04-12,Fitness Tracker,Sports & Outdoors,East,In-Store,3,72.54,217.62,CUST-1002
ORD-102391,2024-04-12,Hiking Backpack,Sports & Outdoors,West,In-Store,3,82.72,248.16,CUST-1297
ORD-102392,2025-10-03,Fountain Pen,Books & Stationery,East,Online,1,33.63,33.63,CUST-1360
ORD-102393,2025-10-07,Dumbbells,Sports & Outdoors,South,Online,2,54.83,109.66,CUST-1339
ORD-102394,2025-03-18,Self-Help Best Seller,Books & Stationery,South,Online,4,19.91,79.64,CUST-1158
ORD-102395,2024-12-05,Designer Jeans,Fashion,North,Online,2,82.56,165.12,CUST-1014
ORD-102396,2026-05-07,Casual T-Shirt,Fashion,East,In-Store,1,20.59,20.59,CUST-1037
ORD-102397,2025-08-31,Makeup Kit,Beauty & Personal Care,South,In-Store,3,59.01,177.03,CUST-1088
ORD-102398,2024-01-18,Ergonomic Chair,Home & Kitchen,South,Online,2,200.06,400.12,CUST-1068
ORD-102399,2025-04-06,Leather Journal,Books & Stationery,West,Online,2,22.69,45.38,CUST-1107
ORD-102400,2025-05-14,Makeup Kit,Beauty & Personal Care,South,Online,1,51.27,51.27,CUST-1361
ORD-102401,2026-05-06,Bluetooth Speaker,Electronics,North,Online,2,73.86,147.72,CUST-1324
ORD-102402,2025-05-24,Yoga Mat,Sports & Outdoors,South,Online,3,33.51,100.53,CUST-1227
ORD-102403,2026-03-15,Air Fryer,Home & Kitchen,South,Online,1,104.07,104.07,CUST-1010
ORD-102404,2024-03-21,Casual T-Shirt,Fashion,North,Online,3,24.85,74.55,CUST-1059
ORD-102405,2024-08-08,Smartphone,Electronics,South,Online,1,765.1,765.1,CUST-1387
ORD-102406,2025-09-06,Leather Jacket,Fashion,South,Online,5,167.09,835.45,CUST-1015
ORD-102407,2025-03-29,Laptop,Electronics,North,In-Store,2,914.52,1829.04,CUST-1129
ORD-102408,2025-04-04,Wireless Headphones,Electronics,North,Online,1,147.3,147.3,CUST-1367
ORD-102409,2024-12-07,Wireless Headphones,Electronics,West,Affiliate,3,132.2,396.6,CUST-1353
ORD-102410,2025-02-19,Designer Jeans,Fashion,East,Wholesale,26,72.96,1896.96,CUST-1025
ORD-102411,2024-06-24,Essential Oil Diffuser,Beauty & Personal Care,East,In-Store,1,26.62,26.62,CUST-1146
ORD-102412,2025-11-18,Makeup Kit,Beauty & Personal Care,South,Online,4,64.43,257.72,CUST-1327
ORD-102413,2024-08-12,Self-Help Best Seller,Books & Stationery,West,Online,3,15.2,45.6,CUST-1038
ORD-102414,2026-03-20,Winter Coat,Fashion,West,Online,2,179.29,358.58,CUST-1031
ORD-102415,2024-01-24,Laptop,Electronics,East,Online,1,947.94,947.94,CUST-1399
ORD-102416,2025-12-20,Leather Journal,Books & Stationery,East,Online,2,20.72,41.44,CUST-1167
ORD-102417,2024-07-04,Designer Jeans,Fashion,West,Affiliate,1,98.92,98.92,CUST-1315
ORD-102418,2024-02-20,Smartphone,Electronics,East,In-Store,2,713.47,1426.94,CUST-1229
ORD-102419,2024-05-22,Sci-Fi Novel,Books & Stationery,West,Online,1,13.61,13.61,CUST-1184
ORD-102420,2026-03-13,Coffee Maker,Home & Kitchen,West,Online,3,97.78,293.34,CUST-1002
ORD-102421,2024-08-01,Leather Jacket,Fashion,East,Online,2,193.38,386.76,CUST-1032
ORD-102422,2024-09-21,Desk Organizer,Books & Stationery,West,Affiliate,1,25.85,25.85,CUST-1002
ORD-102423,2024-01-15,Laptop,Electronics,East,Affiliate,1,963.48,963.48,CUST-1369
ORD-102424,2024-07-03,Self-Help Best Seller,Books & Stationery,West,Online,1,19.03,19.03,CUST-1161
ORD-102425,2025-06-24,Perfume,Beauty & Personal Care,North,Affiliate,3,68.37,205.11,CUST-1140
ORD-102426,2025-07-15,Desk Organizer,Books & Stationery,South,Online,3,31.99,95.97,CUST-1174
ORD-102427,2026-04-07,Wireless Headphones,Electronics,North,Affiliate,3,148.07,444.21,CUST-1168
ORD-102428,2025-07-25,Smartwatch,Electronics,North,Online,2,246.53,493.06,CUST-1274
ORD-102429,2026-04-04,Makeup Kit,Beauty & Personal Care,West,In-Store,1,61.57,61.57,CUST-1281
ORD-102430,2025-01-15,Smart TV,Electronics,North,Online,1,616.76,616.76,CUST-1133
ORD-102431,2024-10-24,Makeup Kit,Beauty & Personal Care,North,Online,2,61.4,122.8,CUST-1178
ORD-102432,2024-05-27,Laptop,Electronics,West,In-Store,1,955.34,955.34,CUST-1215
ORD-102433,2025-11-17,Air Fryer,Home & Kitchen,East,Wholesale,23,96.41,2217.43,CUST-1000
ORD-102434,2025-09-19,Sunglasses,Fashion,South,Online,1,63.44,63.44,CUST-1221
ORD-102435,2024-03-19,Coffee Maker,Home & Kitchen,North,In-Store,2,82.1,164.2,CUST-1373
ORD-102436,2024-02-21,Air Fryer,Home & Kitchen,North,Online,4,109.23,436.92,CUST-1072
ORD-102437,2024-09-17,Fitness Tracker,Sports & Outdoors,West,Wholesale,50,47.15,2357.5,CUST-1101
ORD-102438,2024-07-04,Smart TV,Electronics,South,Online,1,607.32,607.32,CUST-1056
ORD-102439,2024-04-06,Hiking Backpack,Sports & Outdoors,East,Online,3,83.32,249.96,CUST-1344
ORD-102440,2024-02-14,Cookware Set,Home & Kitchen,South,Online,2,136.92,273.84,CUST-1273
ORD-102441,2025-01-18,Self-Help Best Seller,Books & Stationery,South,Online,2,22.41,44.82,CUST-1107
ORD-102442,2024-04-03,Casual T-Shirt,Fashion,North,Online,2,21.68,43.36,CUST-1164
ORD-102443,2025-03-12,Running Shoes,Fashion,South,Online,4,90.48,361.92,CUST-1018
ORD-102444,2026-03-16,Sci-Fi Novel,Books & Stationery,South,Wholesale,33,12.89,425.37,CUST-1379
ORD-102445,2025-09-27,Fountain Pen,Books & Stationery,West,In-Store,1,36.04,36.04,CUST-1288
ORD-102446,2025-11-03,Smartwatch,Electronics,West,Online,4,203.66,814.64,CUST-1290
ORD-102447,2024-12-20,Smart TV,Electronics,North,Online,2,608.88,1217.76,CUST-1202
ORD-102448,2025-12-17,Laptop,Electronics,East,In-Store,4,971.11,3884.44,CUST-1091
ORD-102449,2024-05-28,Coffee Maker,Home & Kitchen,North,Affiliate,2,92.52,185.04,CUST-1044
ORD-102450,2025-08-03,Sunglasses,Fashion,West,Wholesale,54,66.72,3602.88,CUST-1219
ORD-102451,2025-01-31,Laptop,Electronics,East,Wholesale,40,842.0,33680.0,CUST-1230
ORD-102452,2025-11-23,Camping Tent,Sports & Outdoors,South,Online,4,136.72,546.88,CUST-1346
ORD-102453,2025-03-31,Sci-Fi Novel,Books & Stationery,South,Online,5,18.27,91.35,CUST-1270
ORD-102454,2024-05-01,Desk Organizer,Books & Stationery,East,In-Store,4,28.5,114.0,CUST-1217
ORD-102455,2024-11-17,Smartphone,Electronics,East,Online,1,718.66,718.66,CUST-1091
ORD-102456,2026-03-16,Essential Oil Diffuser,Beauty & Personal Care,North,,1,31.13,31.13,CUST-1398
ORD-102457,2024-12-26,Dumbbells,Sports & Outdoors,South,Online,1,52.71,52.71,CUST-1133
ORD-102458,2026-05-14,Fountain Pen,Books & Stationery,West,Affiliate,3,37.08,111.24,CUST-1235
ORD-102459,2026-04-07,Perfume,Beauty & Personal Care,North,Online,2,69.9,139.8,CUST-1335
ORD-102460,2025-04-28,Essential Oil Diffuser,Beauty & Personal Care,South,In-Store,3,28.48,85.44,CUST-1359
ORD-102461,2025-09-06,Fountain Pen,Books & Stationery,North,Wholesale,49,29.89,1464.61,CUST-1361
ORD-102462,2024-10-29,Smartwatch,Electronics,South,Online,2,200.65,401.3,CUST-1122
ORD-102463,2024-05-08,Coffee Maker,Home & Kitchen,West,Online,1,91.27,91.27,CUST-1302
ORD-102464,2024-02-12,Perfume,Beauty & Personal Care,West,Affiliate,1,89.12,89.12,CUST-1108
ORD-102465,2025-11-23,Coffee Maker,Home & Kitchen,South,In-Store,1,99.42,99.42,CUST-1193
ORD-102466,2024-12-27,Winter Coat,Fashion,North,In-Store,3,165.34,496.02,CUST-1125
ORD-102467,2024-02-18,Essential Oil Diffuser,Beauty & Personal Care,West,Online,2,31.06,62.12,CUST-1301
ORD-102468,2026-01-30,Wireless Headphones,Electronics,West,In-Store,1,134.69,134.69,CUST-1112
ORD-102469,2024-04-06,Yoga Mat,Sports & Outdoors,West,In-Store,1,39.28,39.28,CUST-1346
ORD-102470,2024-05-03,Winter Coat,Fashion,South,Online,2,151.42,302.84,CUST-1366
ORD-102471,2025-12-17,Hair Dryer,Beauty & Personal Care,South,Online,5,67.18,335.9,CUST-1327
ORD-102472,2024-01-11,Yoga Mat,Sports & Outdoors,West,In-Store,1,30.33,30.33,CUST-1085
ORD-102473,2025-12-11,Dumbbells,Sports & Outdoors,North,Online,2,38.96,77.92,CUST-1046
ORD-102474,2026-03-01,Blender,Home & Kitchen,East,In-Store,4,53.03,212.12,CUST-1284
ORD-102475,2024-03-01,Casual T-Shirt,Fashion,,Affiliate,5,26.74,133.7,CUST-1357
ORD-102476,2024-06-11,Self-Help Best Seller,Books & Stationery,West,Online,2,18.64,37.28,CUST-1327
ORD-102477,2024-08-25,Wireless Headphones,Electronics,West,Online,2,133.25,266.5,CUST-1150
ORD-102478,2026-03-08,Robotic Vacuum,Home & Kitchen,East,Affiliate,2,297.05,594.1,CUST-1156
ORD-102479,2024-06-10,Running Shoes,Fashion,West,In-Store,4,91.7,366.8,CUST-1161
ORD-102480,2024-06-30,Smartwatch,Electronics,North,Online,1,247.79,247.79,CUST-1070
ORD-102481,2024-09-25,Makeup Kit,Beauty & Personal Care,North,Online,2,50.21,100.42,CUST-1095
ORD-102482,2024-11-26,Wireless Headphones,Electronics,North,Online,1,141.2,141.2,CUST-1080
ORD-102483,2025-05-17,Bluetooth Speaker,Electronics,West,In-Store,2,62.67,125.34,CUST-1018
ORD-102484,2026-04-19,Smartphone,Electronics,North,Online,2,796.44,1592.88,CUST-1105
ORD-102485,2024-11-20,Hiking Backpack,Sports & Outdoors,North,Wholesale,27,67.31,1817.37,CUST-1218
ORD-102486,2024-09-13,Water Bottle,Sports & Outdoors,South,In-Store,2,20.3,40.6,CUST-1112
ORD-102487,2024-07-31,Water Bottle,Sports & Outdoors,East,Online,1,15.76,15.76,CUST-1299
ORD-102488,2024-04-22,Dumbbells,Sports & Outdoors,North,Online,2,36.93,73.86,CUST-1154
ORD-102489,2026-03-29,Leather Journal,Books & Stationery,North,Online,1,27.33,27.33,CUST-1264
ORD-102490,2024-02-19,Running Shoes,Fashion,North,Online,1,111.7,111.7,CUST-1152
ORD-102491,2025-09-11,Wireless Headphones,Electronics,North,Wholesale,25,117.19,2929.75,CUST-1202
ORD-102492,2025-12-14,Skincare Gift Set,Beauty & Personal Care,North,In-Store,3,44.74,134.22,CUST-1020
ORD-102493,2025-09-30,Smartphone,Electronics,West,Affiliate,1,787.62,787.62,CUST-1296
ORD-102494,2024-11-25,Fountain Pen,Books & Stationery,East,In-Store,1,49.81,49.81,CUST-1093
ORD-102495,2025-09-16,Smartphone,Electronics,West,Online,1,732.97,732.97,CUST-1154
ORD-102496,2024-03-23,Essential Oil Diffuser,Beauty & Personal Care,West,Online,3,31.73,95.19,CUST-1266
ORD-102497,2025-05-21,Fitness Tracker,Sports & Outdoors,South,Online,3,57.93,173.79,CUST-1021
ORD-102498,2025-01-18,Water Bottle,Sports & Outdoors,West,In-Store,4,20.51,82.04,CUST-1075
ORD-102499,2024-01-19,Self-Help Best Seller,Books & Stationery,South,Online,4,20.38,81.52,CUST-1211
ORD-101551,2026-05-07,Ergonomic Chair,Home & Kitchen,East,In-Store,2,225.94,451.88,CUST-1107
ORD-101744,2024-05-16,Dumbbells,Sports & Outdoors,West,In-Store,2,40.4,80.8,CUST-1386
ORD-100307,2024-11-22,Wireless Headphones,Electronics,North,Online,4,142.55,570.2,CUST-1397
ORD-100495,2025-03-14,Designer Jeans,Fashion,North,In-Store,2,83.8,167.6,CUST-1398
ORD-100763,2024-04-26,Leather Jacket,Fashion,East,Online,1,185.71,185.71,CUST-1326
ORD-100400,2024-11-22,Casual T-Shirt,Fashion,West,Wholesale,34,20.55,698.7,CUST-1398
ORD-100963,2025-05-30,Hair Dryer,Beauty & Personal Care,North,In-Store,1,59.61,59.61,CUST-1087
ORD-102370,2024-09-12,Robotic Vacuum,Home & Kitchen,South,Online,2,262.54,525.08,CUST-1034
ORD-101921,2024-07-15,Essential Oil Diffuser,Beauty & Personal Care,East,In-Store,1,26.45,26.45,CUST-1120
ORD-100483,2024-04-27,Fountain Pen,Books & Stationery,South,Online,1,42.77,42.77,CUST-1292
ORD-100513,2025-10-29,Air Fryer,Home & Kitchen,West,Online,3,109.59,328.77,CUST-1118
ORD-101936,2026-01-02,Leather Journal,Books & Stationery,North,In-Store,1,27.41,27.41,CUST-1278
ORD-100728,2025-06-22,Dumbbells,Sports & Outdoors,West,In-Store,2,44.64,89.28,CUST-1113
ORD-101624,2026-04-22,Smart TV,Electronics,South,In-Store,3,603.79,1811.37,CUST-1203
ORD-100519,2024-09-27,Bluetooth Speaker,Electronics,East,Online,4,64.98,259.92,CUST-1339
ORD-100715,2026-01-29,Hiking Backpack,Sports & Outdoors,West,Online,1,79.02,79.02,CUST-1387
ORD-101439,2025-09-27,Smartwatch,Electronics,East,Online,2,225.15,450.3,CUST-1098
ORD-101131,2025-09-28,Coffee Maker,Home & Kitchen,North,,1,87.47,87.47,CUST-1378
ORD-101806,2026-01-12,Water Bottle,Sports & Outdoors,South,In-Store,2,20.81,41.62,CUST-1275
ORD-101821,2024-05-31,Water Bottle,Sports & Outdoors,South,In-Store,1,21.67,21.67,CUST-1068
ORD-100703,2025-03-21,Winter Coat,Fashion,South,Online,1,157.63,157.63,CUST-1119
ORD-102247,2024-02-21,Bluetooth Speaker,Electronics,South,In-Store,1,77.19,77.19,CUST-1023
ORD-101715,2024-12-06,Laptop,Electronics,East,In-Store,2,906.38,1812.76,CUST-1038
ORD-100428,2024-02-28,Makeup Kit,Beauty & Personal Care,South,Online,2,64.92,129.84,CUST-1314
ORD-102171,2024-01-09,Essential Oil Diffuser,Beauty & Personal Care,South,Affiliate,1,28.01,28.01,CUST-1082
ORD-101342,2025-04-11,Essential Oil Diffuser,Beauty & Personal Care,South,Online,2,28.87,57.74,CUST-1129
ORD-100270,2025-04-25,Sunglasses,Fashion,West,In-Store,5,51.87,259.35,CUST-1117
ORD-100895,2025-11-21,Hair Dryer,Beauty & Personal Care,South,Online,1,79.97,79.97,CUST-1053
ORD-100641,2026-01-01,Coffee Maker,Home & Kitchen,North,Wholesale,41,77.27,3168.07,CUST-1009
ORD-100668,2025-11-29,Water Bottle,Sports & Outdoors,East,Wholesale,59,15.16,894.44,CUST-1205
ORD-100786,2025-07-31,Leather Jacket,Fashion,North,Online,5,152.8,764.0,CUST-1211
ORD-101792,2024-02-29,Ergonomic Chair,Home & Kitchen,North,Wholesale,19,193.03,3667.57,CUST-1333
ORD-101753,2024-03-17,Leather Jacket,Fashion,West,Affiliate,1,162.23,162.23,CUST-1312
ORD-100494,2024-08-25,Fitness Tracker,Sports & Outdoors,North,Online,5,64.63,323.15,CUST-1312
ORD-101982,2025-09-02,Designer Jeans,Fashion,East,Online,2,95.59,191.18,CUST-1066
